X,Y,AUTOMAT,DIRE_NORM,DOMICILIO,Horario,IMAGEN,NOMBRE,NRO_EST,OBSERV,disponibil,fecha
-58.391855160974465,-34.583580359021816,AUTOMÁTICA,"FIGUEROA ALCORTA, PRES. AV. y BIBILONI, JUAN A.",Av. Pres.Figueroa Alcorta y  Juan A.Bibiloni,Estación automática: disponibilidad las 24 horas,estacion_automatica.png,Facultad de Derecho,01,Abril 2015 (pasó de ser Manual a Automática),0.000000000000000,2017-09-18 02:18:56.421359
-58.374225456768116,-34.593035790603764,AUTOMÁTICA,"DEL LIBERTADOR AV. y RAMOS MEJIA, JOSE MARIA, DR. AV.",Av. Dr.Jose Ramos Mejia y Del Libertador Av,Estación automática: disponibilidad las 24 horas,estacion_automatica.png,Retiro,02,Abril 2015 (pasó de ser Manual a Automática),5.000000000000000,2017-09-18 02:18:56.421359
-58.368321595510643,-34.61168855013559,AUTOMÁTICA,"HUERGO, ING. AV. y BELGRANO AV.",Av. Ing.Huergo y Av. Belgrano,Estación automática: disponibilidad las 24 horas,estacion_automatica.png,Aduana,03,Abril 2015 (pasó de ser Manual a Automática),5.263157894736842,2017-09-18 02:18:56.421359
-58.368354203177432,-34.602167830807367,AUTOMÁTICA,LAVALLE y BOUCHARD,Lavalle y Bouchard,Estación automática: disponibilidad las 24 horas,estacion_automatica.png,Plaza Roma,04,Abril 2015 (pasó de ser Manual a Automática),17.647058823529413,2017-09-18 02:18:56.421359
-58.368763968328551,-34.628393190290815,AUTOMÁTICA,"GARCIA, MARTIN AV. e IRALA",Av Martín García e Irala,Estación automática: disponibilidad las 24 horas,estacion_automatica.png,Parque Lezama,06,Abril 2015 (pasó de ser Manual a Automática),3.571428571428571,2017-09-18 02:18:56.421359
-58.420399100539399,-34.580574835998206,AUTOMÁTICA,SARMIENTO AV. y CALZADA CIRCULAR PLAZA ITALIA,Av. Santa Fe y Av. Sarmiento,Estación automática: disponibilidad las 24 horas,estacion_automatica.png,Plaza Italia,05,Abril 2015 (pasó de ser Manual a Automática),5.263157894736842,2017-09-18 02:18:56.421359
-58.38039295142751,-34.606287204112135,AUTOMÁTICA,"PELLEGRINI, CARLOS y PERON, JUAN DOMINGO, TTE. GENERAL",Av. 9 de Julio y Tte. Gral Juan Domingo Perón,Estación automática: disponibilidad las 24 horas,estacion_automatica.png,Obelisco,07,Abril 2015 (pasó de ser Manual a Automática),0.000000000000000,2017-09-18 02:18:56.421359
-58.388656274108534,-34.610377113816774,AUTOMÁTICA,"YRIGOYEN, HIPOLITO AV. y CEVALLOS, VIRREY",Av. Hipólito Yrigoyen y Virrey Ceballos,Estación automática: disponibilidad las 24 horas,estacion_automatica.png,Congreso,08,Abril 2015 (pasó de ser Manual a Automática),8.333333333333332,2017-09-18 02:18:56.421359
-58.406547213138275,-34.584361909851772,AUTOMÁTICA,"DIAZ, CNEL. AV. y FRENCH",Parque Las Heras,Estación automática: disponibilidad las 24 horas,estacion_automatica.png,Parque Las Heras,09,Abril 2015 (pasó de ser Manual a Automática),3.703703703703703,2017-09-18 02:18:56.421359
-58.365149700023345,-34.615997839004535,AUTOMÁTICA,"1500 MOREAU DE JUSTO, ALICIA AV.",Moreau de Justo 1500,Estación automática: disponibilidad las 24 horas,estacion_automatica.png,Puerto Madero - UCA,10,Abril 2015 (pasó de ser Manual a Automática),0.000000000000000,2017-09-18 02:18:56.421359
-58.384424842055303,-34.601759644573427,AUTOMÁTICA,651 TALCAHUANO,Tribunales,Estación automática: disponibilidad las 24 horas,estacion_automatica.png,Tribunales,11,Abril 2015 (pasó de ser Manual a Automática),,2017-09-18 02:18:56.421359
-58.388352012537958,-34.593624316314717,AUTOMÁTICA,PARANA y JUNCAL,Plaza Vicente López,Estación automática: disponibilidad las 24 horas,estacion_automatica.png,Plaza Vicente López,12,Abril 2015 (pasó de ser Manual a Automática),7.692307692307693,2017-09-18 02:18:56.421359
-58.406001658641408,-34.610068750194642,AUTOMÁTICA,RIVADAVIA AV. y PUEYRREDON AV.,Plaza Miserere,Estación automática: disponibilidad las 24 horas,estacion_automatica.png,Once,13,Abril 2015 (pasó de ser Manual a Automática),0.000000000000000,2017-09-18 02:18:56.421359
-58.425721745185569,-34.578235068742082,AUTOMÁTICA,"580 BULLRICH, INT. AV.",Pacífico,Estación automática: disponibilidad las 24 horas,estacion_automatica.png,Pacífico,14,Abril 2015 (pasó de ser Manual a Automática),5.882352941176470,2017-09-18 02:18:56.421359
-58.397924202093783,-34.59963679494706,AUTOMÁTICA,"CORDOBA AV. y URIBURU JOSE E., PRES.",Plaza Houssay,Estación automática: disponibilidad las 24 horas,estacion_automatica.png,Plaza Houssay,43,Nueva estación! - Se pasó de Manual a Automática en Junio 2015,0.000000000000000,2017-09-18 02:18:56.421359
-58.374120789273064,-34.610405922923803,AUTOMÁTICA,"PERU y ROCA, JULIO A., PRESIDENTE AV.",Perú y Diagonal Sur,Estación automática: disponibilidad las 24 horas,estacion_automatica.png,Legislatura (ex Plaza de Mayo),16,Abril 2015 (pasó de ser Manual a Automática),0.000000000000000,2017-09-18 02:18:56.421359
-58.418234165300127,-34.606845405384583,AUTOMÁTICA,"BULNES y PERON, JUAN DOMINGO, TTE. GENERAL",Plaza Almagro,Estación automática: disponibilidad las 24 horas,estacion_automatica.png,Plaza Almagro,17,Abril 2015 (pasó de ser Manual a Automática),25.000000000000000,2017-09-18 02:18:56.421359
-58.379883938564376,-34.61781959384021,AUTOMÁTICA,INDEPENDENCIA AV. y 9 DE JULIO AV.,Av. Independencia y 9 de Julio,Estación automática: disponibilidad las 24 horas,estacion_automatica.png,Independencia,18,Abril 2015 (pasó de ser Manual a Automática),31.578947368421051,2017-09-18 02:18:56.421359
-58.376952479806867,-34.595851724741358,AUTOMÁTICA,750 SANTA FE AV.,Plaza San Martín,Estación automática: disponibilidad las 24 horas,estacion_automatica.png,Plaza San Martín,19,Abril 2015 (pasó de ser Manual a Automática),0.000000000000000,2017-09-18 02:18:56.421359
-58.441189805357233,-34.580483719880895,AUTOMÁTICA,1 ZAPIOLA,Zapiola y Dorrego,Estación automática: disponibilidad las 24 horas,estacion_automatica.png,Distrito Audiovisual,20,Abril 2015 (pasó de ser Manual a Automática),0.000000000000000,2017-09-18 02:18:56.421359
-58.381973832340925,-34.594546820429812,AUTOMÁTICA,ARENALES y CERRITO,Arenales y Cerrito,Estación automática: disponibilidad las 24 horas,estacion_automatica.png,Arenales,22,Abril 2015 (pasó de ser Manual a Automática),5.000000000000000,2017-09-18 02:18:56.421359
-58.378969562574312,-34.600742610221531,AUTOMÁTICA,691 SUIPACHA,Suipacha y Viamonte,Estación automática: disponibilidad las 24 horas,estacion_automatica.png,Suipacha,23,Abril 2015 (pasó de ser Manual a Automática),18.181818181818183,2017-09-18 02:18:56.421359
-58.380170257287261,-34.611018817864561,AUTOMÁTICA,"ALSINA, ADOLFO e IRIGOYEN, BERNARDO DE",Adolfo Alsina y Bernardo de Irigoyen,Estación automática: disponibilidad las 24 horas,estacion_automatica.png,Alsina,24,Abril 2015 (pasó de ser Manual a Automática),9.523809523809524,2017-09-18 02:18:56.421359
-58.415467195444123,-34.589967981239027,AUTOMÁTICA,"SALGUERO, JERONIMO y MANSILLA, LUCIO NORBERTO, GENERAL",Salguero Jerónimo y Mansilla,Estación automática: disponibilidad las 24 horas,estacion_automatica.png,Plaza Guemes,25,Abril 2015 (pasó de ser Manual a Automática),0.000000000000000,2017-09-18 02:18:56.421359
-58.363007615290215,-34.601447420500342,AUTOMÁTICA,"DE LA BARRA,  EMMA y MANSO JUANA",Emma de la Barra y Juana Manso,Estación automática: disponibilidad las 24 horas,estacion_automatica.png,Juana Manso,26,Abril 2015 (pasó de ser Manual a Automática) - Se modificó el nombre (ex Emma de la Barra),5.882352941176470,2017-09-18 02:18:56.421359
-58.389299062854526,-34.600014775073262,AUTOMÁTICA,CORDOBA AV. y MONTEVIDEO,Av. Córdoba y Montevideo,Estación automática: disponibilidad las 24 horas,estacion_automatica.png,Montevideo,27,Abril 2015 (pasó de ser Manual a Automática),13.333333333333334,2017-09-18 02:18:56.421359
-58.411800267586578,-34.623296723356788,AUTOMÁTICA,"CALVO, CARLOS y LINIERS VIRREY",Carlos Calvo entre Virrey Liniers y Sánchez de Loria,Estación automática: disponibilidad las 24 horas,estacion_automatica.png,Plaza Boedo,28,Abril 2015 (pasó de ser Manual a Automática),14.285714285714285,2017-09-18 02:18:56.421359
-58.397060939326465,-34.58877062516784,MANUAL,"PACHECO DE MELO, JOSE ANDRES y LARREA",Pacheco de Melo y Larrea,Estación manual: lunes a viernes de 8 a 20 h y sábados de 9 a 15 h,515-plaza_emilio_mitre.jpg,Plaza Emilio Mitre,515,Continúa manual!! - Si bien permanece el sitio dejó de funcionar en Febrero de 2017 cuando se inauguró la Automática al lado.,,2017-09-18 02:18:56.421359
-58.433978144754725,-34.608905945957858,AUTOMÁTICA,"PATRICIAS ARGENTINAS AV. y FINLAY, CARLOS J. AV.",Patricias Argentinas y Carlos Finlay,Estación automática: disponibilidad las 24 horas,estacion_automatica.png,Parque Centenario,29,Abril 2015 (pasó de ser Manual a Automática),,2017-09-18 02:18:56.421359
-58.406015547719058,-34.640475293044233,AUTOMÁTICA,IGUAZU y USPALLATA,Iguazú y Uspallata,Estación automática: disponibilidad las 24 horas,estacion_automatica.png,Parque Patricios,21,Nueva estación! - Mayo 2015,,2017-09-18 02:18:56.421359
-58.396781219789382,-34.590840752850625,AUTOMÁTICA,AZCUENAGA y PEÑA,Azcuénaga y Peña,Estación automática: disponibilidad las 24 horas,estacion_automatica.png,Peña,30,Nueva estación! - Abril de 2015 (se incorpora con el sistema automático),26.086956521739129,2017-09-18 02:18:56.421359
-58.372935037441579,-34.60817442382794,AUTOMÁTICA,SAN MARTIN y RIVADAVIA AV.,San Martín y Rivadavia,Estación automática: disponibilidad las 24 horas,estacion_automatica.png,Catedral,32,Nueva estación! - Abril de 2015 (se incorpora con el sistema automático),8.000000000000000,2017-09-18 02:18:56.421359
-58.37126161894615,-34.596774269617377,AUTOMÁTICA,"BUTTY, E., ING. y ALEM, LEANDRO N. AV.",Ing. Butty y Leandro N. Alem,Estación automática: disponibilidad las 24 horas,estacion_automatica.png,Ingeniero Butty,35,Nueva estación! - Abril de 2015 (se incorpora con el sistema automático),7.692307692307693,2017-09-18 02:18:56.421359
-58.375999541177649,-34.605815564575586,AUTOMÁTICA,MAIPU y SARMIENTO,Maipú y Sarmiento,Estación automática: disponibilidad las 24 horas,estacion_automatica.png,Maipú,36,Nueva estación! - Abril de 2015 (se incorpora con el sistema automático),,2017-09-18 02:18:56.421359
-58.37726745373282,-34.608361008761868,AUTOMÁTICA,ESMERALDA y RIVADAVIA AV.,Esmeralda y Rivadavia,Estación automática: disponibilidad las 24 horas,estacion_automatica.png,Piedras,37,Nueva estación! - Abril de 2015 (se incorpora con el sistema automático),,2017-09-18 02:18:56.421359
-58.382298724978952,-34.597437099653419,AUTOMÁTICA,"CERRITO y ALVEAR, MARCELO T. DE",Cerrito y Marcelo T. de Alvear,Estación automática: disponibilidad las 24 horas,estacion_automatica.png,Plaza Libertad,38,Nueva estación! - Abril de 2015 (se incorpora con el sistema automático),0.000000000000000,2017-09-18 02:18:56.421359
-58.406994132047906,-34.636965545521591,AUTOMÁTICA,"URQUIZA, GRAL. y RONDEAU",Gral Urquiza y Rondeau,Estación automática: disponibilidad las 24 horas,estacion_automatica.png,Urquiza,41,Nueva estación! - Julio 2015,5.555555555555555,2017-09-18 02:18:56.421359
-58.398119842571894,-34.597573603304056,AUTOMÁTICA,URIBURU JOSE E. y ALVEAR MARCELO T DE,Uriburu y Marcelo T. de Alvear,Estación automática: disponibilidad las 24 horas,estacion_automatica.png,Facultad de Medicina,33,Nueva estación! - Junio 2015,15.789473684210526,2017-09-18 02:18:56.421359
-58.373560929664137,-34.600026243664196,AUTOMÁTICA,710 SAN MARTIN,"San Martín 710, entre Viamonte y Córdoba",Estación automática: disponibilidad las 24 horas,estacion_automatica.png,Galerías Pacífico,34,Nueva estación! - Junio 2015,7.142857142857142,2017-09-18 02:18:56.421359
-58.372774738735764,-34.604844764087296,AUTOMÁTICA,481 SARMIENTO,"Sarmiento 481, entre Reconquista y San Martín",Estación automática: disponibilidad las 24 horas,estacion_automatica.png,Sarmiento,40,Nueva estación! - Junio 2015,100.000000000000000,2017-09-18 02:18:56.421359
-58.413997205921042,-34.575932889802026,AUTOMÁTICA,AV DEL LIBERTADOR y AV SARMIENTO,Av Del Libertador y Av Sarmiento,Estación automática: disponibilidad las 24 horas,estacion_automatica.png,Zoológico,44,Nueva estación! - Junio 2015,6.666666666666667,2017-09-18 02:18:56.421359
-58.381852089357139,-34.60203298185526,AUTOMÁTICA,TUCUMAN y CERRITO,Tucumán y Cerrito,Estación automática: disponibilidad las 24 horas,estacion_automatica.png,Tucumán,51,Julio 2015,,2017-09-18 02:18:56.421359
-58.373792339409107,-34.616824915115409,AUTOMÁTICA,726 PERU,Perú 726,Estación automática: disponibilidad las 24 horas,estacion_automatica.png,Chile,46,Nueva estación! - Julio 2015,26.315789473684209,2017-09-18 02:18:56.421359
-58.376304274072488,-34.598962378598365,AUTOMÁTICA,820 MAIPU,Maipú 820,Estación automática: disponibilidad las 24 horas,estacion_automatica.png,Córdoba,62,Nueva estación! - Julio 2015,,2017-09-18 02:18:56.421359
-58.373685960922117,-34.596328347396508,AUTOMÁTICA,1031 SAN MARTIN,San Martín 1031,Estación automática: disponibilidad las 24 horas,estacion_automatica.png,Ricardo Rojas,53,Nueva estación! - Julio 2015,,2017-09-18 02:18:56.421359
-58.379055249063462,-34.605088465726311,AUTOMÁTICA,SAENZ PEÑA ROQUE AV y SUIPACHA,Roque Sáenz Peña y Suipacha,Estación automática: disponibilidad las 24 horas,estacion_automatica.png,Diagonal Norte,42,Nueva estación! - Agosto 2015,6.666666666666667,2017-09-18 02:18:56.421359
-58.370559214115836,-34.602085255692884,AUTOMÁTICA,25 DE MAYO y LAVALLE,25 de Mayo y Lavalle,Estación automática: disponibilidad las 24 horas,estacion_automatica.png,25 de Mayo,60,Nueva estación! - Agosto 2015,25.000000000000000,2017-09-18 02:18:56.421359
-58.384800753901956,-34.607094060832559,AUTOMÁTICA,175 RIVAROLA RODOLFO DR,Dr. Rodolfo Rivarola 175 entre Tte. Gral. Juan Domingo Perón y Bartolomé Mitre,Estación automática: disponibilidad las 24 horas,estacion_automatica.png,Rivarola,68,Nueva estación! - Septiembre 2015,,2017-09-18 02:18:56.421359
-58.369980299980419,-34.613831130715987,AUTOMÁTICA,482 BALCARCE,Balcarce 482 entre Belgrano y Venezuela,Estación automática: disponibilidad las 24 horas,estacion_automatica.png,Belgrano,57,Nueva estación! - Septiembre 2015,0.000000000000000,2017-09-18 02:18:56.421359
-58.414069851304369,-34.607535856241277,AUTOMÁTICA,SANCHEZ DE BUSTAMANTE y PERON JUAN D,Sánchez de Bustamante y Perón Juan,Estación automática: disponibilidad las 24 horas,estacion_automatica.png,Sánchez de Bustamante,52,Nueva estación! - Septiembre 2015,21.052631578947366,2017-09-18 02:18:56.421359
-58.425668308935542,-34.607876394763544,AUTOMÁTICA,RAWSON y DIAZ VELEZ AV,Rawson entre Potosí y Díaz Vélez,Estación automática: disponibilidad las 24 horas,estacion_automatica.png,Hospital Italiano,82,Nueva estación! - Febrero 2016,11.111111111111111,2017-09-18 02:18:56.421359
-58.410897653443371,-34.590671692349304,AUTOMÁTICA,3328 GUEMES,Güemes 3328 y Coronel Diaz,Estación automática: disponibilidad las 24 horas,estacion_automatica.png,Coronel Díaz,59,Nueva estación! - Febrero 2016,72.222222222222214,2017-09-18 02:18:56.421359
-58.415341878952461,-34.587663043872404,AUTOMÁTICA,3822 GUEMES,Güemes 3822 entre Julián Álvarez y Araoz,Estación automática: disponibilidad las 24 horas,estacion_automatica.png,Julián Álvarez,65,Nueva estación! - Febrero 2016,33.333333333333329,2017-09-18 02:18:56.421359
-58.370998558707974,-34.605937847408889,AUTOMÁTICA,PERON JUAN D y RECONQUISTA,Perón Juan entre 25 de Mayo y Reconquista,Estación automática: disponibilidad las 24 horas,estacion_automatica.png,Perón,48,Nueva estación! - Agosto 2015,10.526315789473683,2017-09-18 02:18:56.421359
-58.434027910563707,-34.575637346133192,AUTOMÁTICA,5327 SANTA FE AV,Santa Fe 5327 entre Dorrego y Arévalo,Estación automática: disponibilidad las 24 horas,estacion_automatica.png,Ministro Carranza,58,Nueva estación! - Octubre 2015,,2017-09-18 02:18:56.421359
-58.42447427280667,-34.589818482780252,AUTOMÁTICA,COSTA RICA y MALABIA,Costa Rica y Malabia,Estación automática: disponibilidad las 24 horas,estacion_automatica.png,Plaza Palermo Viejo,56,Nueva estación! - Octubre 2015,0.000000000000000,2017-09-18 02:18:56.421359
-58.394330128319339,-34.608019381434119,AUTOMÁTICA,AYACUCHO y PERON JUAN D,Ayacucho entre Perón Juan y Bartolomé Mitre,Estación automática: disponibilidad las 24 horas,estacion_automatica.png,Ayacucho,76,Nueva estación! - Enero 2016,,2017-09-18 02:18:56.421359
-58.393842618659839,-34.594596075987532,AUTOMÁTICA,RIOBAMBA y JUNCAL,Riobamba y Juncal,Estación automática: disponibilidad las 24 horas,estacion_automatica.png,Riobamba,64,Nueva estación! - Enero 2016,,2017-09-18 02:18:56.421359
-58.439110424242685,-34.603609418102465,AUTOMÁTICA,PADILLA y WARNES AV,Padilla y Warnes Av,Estación automática: disponibilidad las 24 horas,estacion_automatica.png,Padilla,31,Nueva estación! - Enero 2016,,2017-09-18 02:18:56.421359
-58.448842993163254,-34.592266480592968,AUTOMÁTICA,GUZMÁN y LEIVA,Guzmán y Leiva,Estación automática: disponibilidad las 24 horas,estacion_automatica.png,Guzmán,94,Nueva estación! - Enero 2016,,2017-09-18 02:18:56.421359
-58.382246267185316,-34.603442549019483,AUTOMÁTICA,1149 SAENZ PEÑA ROQUE AV,Av. Roque Saenz Peña 1149 entre Libertad y Cerrito,Estación automática: disponibilidad las 24 horas,estacion_automatica.png,Cerrito,71,"Nueva estación! - Febrero 2016 (antes figuraba con nombre ""Libertad"")",,2017-09-18 02:18:56.421359
-58.433644196102797,-34.605018773406385,AUTOMÁTICA,401  PATRICIAS ARGENTINAS AV,"Av. Patricias Argentinas 401, entre Juana de Ibarbourou y Av. Machado",Estación automática: disponibilidad las 24 horas,estacion_automatica.png,Instituto Leloir,74,Nueva estación! - Febrero 2016,15.000000000000000,2017-09-18 02:18:56.421359
-58.372961047286523,-34.61122897760103,AUTOMÁTICA,251 BOLIVAR,Bolivar entre Adolfo Alsina y Moreno,Estación automática: disponibilidad las 24 horas,estacion_automatica.png,Colegio Nacional Buenos Aires,47,Nueva estación! - Febrero 2016,5.555555555555555,2017-09-18 02:18:56.421359
-58.370238072822943,-34.609532623904443,AUTOMÁTICA,101 BALCARCE,Balcarce 101 entre Av. Hipólito Yrigoyen y Alsina,Estación automática: disponibilidad las 24 horas,estacion_automatica.png,Ministerio de Economía,61,Nueva estación! - Febrero 2016,,2017-09-18 02:18:56.421359
-58.377577017783317,-34.602538682248493,AUTOMÁTICA,510 ESMERALDA,Esmeralda 510,Estación automática: disponibilidad las 24 horas,estacion_automatica.png,Esmeralda,95,Nueva estación! - Febrero 2016,0.000000000000000,2017-09-18 02:18:56.421359
-58.403758623908047,-34.596309401045936,AUTOMÁTICA,ECUADOR y MANSILLA LUCIO NORBERTO,Ecuador 1200 y Mansilla,Estación automática: disponibilidad las 24 horas,estacion_automatica.png,Ecuador,69,Nueva estación! - Febrero 2016,,2017-09-18 02:18:56.421359
-58.373956029793376,-34.614096891026165,AUTOMÁTICA,490 PERU,Perú 490 y Venezuela,Estación automática: disponibilidad las 24 horas,estacion_automatica.png,Venezuela,72,Nueva estación: 29/02/2016,,2017-09-18 02:18:56.421359
-58.372127213307991,-34.599916062904988,AUTOMÁTICA,716 RECONQUISTA,Reconquista 716 y Av Córdoba,Estación automática: disponibilidad las 24 horas,estacion_automatica.png,Reconquista,63,Nueva estación: 29/02/2016,0.000000000000000,2017-09-18 02:18:56.421359
-58.435016893243407,-34.596727736197927,AUTOMÁTICA,780 MALABIA,Malabia 780 y Loyola,Estación automática: disponibilidad las 24 horas,estacion_automatica.png,Malabia,99,Junio 2016,10.000000000000000,2017-09-18 02:18:56.421359
-58.410987137484476,-34.603338068957605,AUTOMÁTICA,3302 GUARDIA VIEJA,Guardia Vieja 3302,Estación automática: disponibilidad las 24 horas,estacion_automatica.png,Carlos Gardel,96,Junio 2016,0.000000000000000,2017-09-18 02:18:56.421359
-58.427669236749445,-34.60126544289507,AUTOMÁTICA,925 YATAY,Yatay 925 entre Humahuaca y Guardia Vieja,Estación automática: disponibilidad las 24 horas,estacion_automatica.png,Yatay,121,Noviembre 2016,0.000000000000000,2017-09-18 02:18:56.421359
-58.396949720561715,-34.617938014214715,AUTOMÁTICA,708 PASCO,Pasco 708 entre Chile y Av Independencia,Estación automática: disponibilidad las 24 horas,estacion_automatica.png,Pasco,91,Julio 2016,,2017-09-18 02:18:56.421359
-58.370282413760052,-34.61629384268403,AUTOMÁTICA,683 BALCARCE,Balcarce 683 entre Chile y Defensa,Estación automática: disponibilidad las 24 horas,estacion_automatica.png,Balcarce,81,Junio 2016,,2017-09-18 02:18:56.421359
-58.377525129814572,-34.612160557957239,AUTOMÁTICA,834 MORENO,Moreno 834 entre Tacuarí y Piedras,Estación automática: disponibilidad las 24 horas,estacion_automatica.png,Moreno,98,Julio 2016,25.000000000000000,2017-09-18 02:18:56.421359
-58.371938801851954,-34.595200016702812,AUTOMÁTICA,297 DELLA PAOLERA CARLOS M,Carlos M. Della Paolera 297 entre Leandro N Alem y Eduardo Madero,Estación automática: disponibilidad las 24 horas,estacion_automatica.png,Della Paolera,114,Noviembre 2016,,2017-09-18 02:18:56.421359
-58.394874499358146,-34.602736978901241,AUTOMÁTICA,595 AYACUCHO,Ayacucho 595 entre Tucumán y Lavalle,Estación automática: disponibilidad las 24 horas,estacion_automatica.png,Lavalle,84,Junio 2016,,2017-09-18 02:18:56.421359
-58.408436399243669,-34.595063212388069,AUTOMÁTICA,AGUERO Y MANSILLA,Aguero y Mansilla,Estación automática: disponibilidad las 24 horas,estacion_automatica.png,Aguero,85,Enero 2016,17.647058823529413,2017-09-18 02:18:56.421359
-58.413261145081982,-34.595076269183828,AUTOMÁTICA,3508 DE LA CARCOVA,De la Cárcova 3508,Estación automática: disponibilidad las 24 horas,estacion_automatica.png,Billinghurst,66,Junio 2016,,2017-09-18 02:18:56.421359
-58.425218228268371,-34.593119740487424,AUTOMÁTICA,1413 ARAOZ,Aráoz 1413 entre Gorriti y Honduras,Estación automática: disponibilidad las 24 horas,estacion_automatica.png,Aráoz,70,Junio 2016,26.315789473684209,2017-09-18 02:18:56.421359
-58.369025520818099,-34.599784258698506,AUTOMÁTICA,101 VIAMONTE,Viamonte 101 y Bouchard,Estación automática: disponibilidad las 24 horas,estacion_automatica.png,Bouchard,55,Julio 2016,,2017-09-18 02:18:56.421359
-58.39018939967081,-34.588259218047227,AUTOMÁTICA,600 QUINTANA MANUEL,Manuel Quintana 600,Estación automática: disponibilidad las 24 horas,estacion_automatica.png,Quintana,115,Noviembre 2016,5.000000000000000,2017-09-18 02:18:56.421359
-58.400550545383027,-34.584124643216597,AUTOMÁTICA,2516 PEREYRA LUCENA,Lucena Pereyra 2516 entre Las Heras y Pagano,Estación automática: disponibilidad las 24 horas,estacion_automatica.png,Hospital Rivadavia,50,Agosto 2016,5.000000000000000,2017-09-18 02:18:56.421359
-58.403632492637989,-34.613313751984968,AUTOMÁTICA,MISIONES y ALSINA ADOLFO,Misiones entre Adolfo Alsina y Moreno,Estación automática: disponibilidad las 24 horas,estacion_automatica.png,Misiones,88,Agosto de 2016,0.000000000000000,2017-09-18 02:18:56.421359
-58.379741718666672,-34.59186272160607,AUTOMÁTICA,ARROYO y SUIPACHA,Arroyo y Suipacha,Estación automática: disponibilidad las 24 horas,estacion_automatica.png,Suipacha y Arroyo,78,"Agosto 2016 - En Julio de 2017 cambió su nombre y ubicación. Antes era ""Arroyo""",0.000000000000000,2017-09-18 02:18:56.421359
-58.42972127033471,-34.624576077942841,AUTOMÁTICA,608 DOBLAS,Doblas 608 y Valle,Estación automática: disponibilidad las 24 horas,estacion_automatica.png,Doblas,80,Agosto 2016,,2017-09-18 02:18:56.421359
-58.424878946520103,-34.638947093841118,AUTOMÁTICA,1905 SENILLOSA,Senillosa 1905 y zañartú,Estación automática: disponibilidad las 24 horas,estacion_automatica.png,Senillosa,67,Agosto 2016,25.000000000000000,2017-09-18 02:18:56.421359
-58.430937284059617,-34.62027517251186,AUTOMÁTICA,213 GUAYAQUIL,Guayaquil 213 y Doblas,Estación automática: disponibilidad las 24 horas,estacion_automatica.png,Guayaquil,87,Nueva! Septiembre 2016,,2017-09-18 02:18:56.421359
-58.426802839589421,-34.635696542564993,AUTOMÁTICA,499 DIAZ AVELINO,Avelino Díaz 499 y Doblas,Estación automática: disponibilidad las 24 horas,estacion_automatica.png,Avelino Díaz,97,Nueva! Septiembre 2016,40.000000000000000,2017-09-18 02:18:56.421359
-58.421824061718119,-34.629263750570729,AUTOMÁTICA,4101  CONSTITUCION,Constitución 4101 y Treinta y Tres Orientales,Estación automática: disponibilidad las 24 horas,estacion_automatica.png,Treinta y Tres Orientales,49,Nueva! Septiembre 2016,0.000000000000000,2017-09-18 02:18:56.421359
-58.401122842646018,-34.621802535469897,AUTOMÁTICA,1027 SAAVDREA,Saavedra 1027 entre Carlos Calvo Y Humberto 1º,Estación automática: disponibilidad las 24 horas,estacion_automatica.png,Saavedra,86,Septiembre 2016,,2017-09-18 02:18:56.421359
-58.392720463697707,-34.589596894025647,AUTOMÁTICA,2050 LOPEZ VICENTE,Vicente López 2050 entre Junín y Uriburu,Estación automática: disponibilidad las 24 horas,estacion_automatica.png,Cementerio de la Recoleta,166,Inaugurada 3/10/2016,0.000000000000000,2017-09-18 02:18:56.421359
-58.363373011202349,-34.612167165290579,AUTOMÁTICA,VILLAFLOR AZUCENA y DEALESSI PIERINA,Azucena Villaflor y Pierina Dealessi,Estación automática: disponibilidad las 24 horas,estacion_automatica.png,Azucena Villaflor,79,Diciembre 2016,5.882352941176470,2017-09-18 02:18:56.421359
-58.362494427709628,-34.618528361266513,AUTOMÁTICA,ROSARIO VERA PEÑALOZA y OLGA COSSETINI,Rosario Vera Peñaloza y Olga Cossettini,Estación automática: disponibilidad las 24 horas,estacion_automatica.png,Vera Peñaloza,150,Diciembre 2016,10.526315789473683,2017-09-18 02:18:56.421359
-58.402229142046352,-34.617259146709706,AUTOMÁTICA,MEXICO y SAAVEDRA,Saavedra y México,Estación automática: disponibilidad las 24 horas,estacion_automatica.png,México,118,Diciembre 2016,12.500000000000000,2017-09-18 02:18:56.421359
-58.395300197648304,-34.615642767090783,AUTOMÁTICA,2091 REPUBLICA BOLIVARIANA DE VENEZUELA,Venezuela 2091 y Rincón,Estación automática: disponibilidad las 24 horas,estacion_automatica.png,Rincón,106,Diciembre 2016,,2017-09-18 02:18:56.421359
-58.404421427540292,-34.632170920576719,AUTOMÁTICA,2908 SALCEDO,Salcedo 2908 y Dean Funes,Estación automática: disponibilidad las 24 horas,estacion_automatica.png,Salcedo,92,Diciembre 2016,7.407407407407407,2017-09-18 02:18:56.421359
-58.394233703455306,-34.611716960680575,AUTOMÁTICA,SARANDI e YRIGOYEN HIPOLITO AV,Sarandí entre Adolfo Alsina e Hipólito Yrigoyen,Estación automática: disponibilidad las 24 horas,estacion_automatica.png,Sarandí,77,Diciembre 2016,23.529411764705880,2017-09-18 02:18:56.421359
-58.398307346018591,-34.612570237273481,AUTOMÁTICA,PICHINCHA y ALSINA ADOLFO,Pichincha entre Adolfo Alsina y Moreno,Estación automática: disponibilidad las 24 horas,estacion_automatica.png,Plaza Primero de Mayo,75,Diciembre 2016,15.000000000000000,2017-09-18 02:18:56.421359
-58.408512704092075,-34.617995666960823,AUTOMÁTICA,URQUIZA GRAL y AGRELO,"Agrelo entre  Gral. Urquiza, y Gral. La Rioja",Estación automática: disponibilidad las 24 horas,estacion_automatica.png,Hospital Ramos Mejía,120,Diciembre 2016,0.000000000000000,2017-09-18 02:18:56.421359
-58.360309842277836,-34.612254385948724,AUTOMÁTICA,553 VILLAFLOR AZUCENA,Azucena Villaflor 553 entre Calabria y Aimé Painé,Estación automática: disponibilidad las 24 horas,estacion_automatica.png,Aimé Painé,151,Diciembre 2016,25.000000000000000,2017-09-18 02:18:56.421359
-58.44230238647296,-34.600259722286737,AUTOMÁTICA,ACEVEDO y PADILLA,Acevedo y Padilla,Estación automática: disponibilidad las 24 horas,estacion_automatica.png,Acevedo,136,Enero 2017,10.000000000000000,2017-09-18 02:18:56.421359
-58.441823911575888,-34.58949653911624,AUTOMÁTICA,1092 FITZ ROY,Fitz Roy 1092 y Loyola,Estación automática: disponibilidad las 24 horas,estacion_automatica.png,Fitz Roy,101,Enero 2017,0.000000000000000,2017-09-18 02:18:56.421359
-58.355661508082811,-34.629226843204407,AUTOMÁTICA,CAFFARENA AGUSTIN y DON PEDRO DE MENDOZA,Caffarena Agustín y Don Pedro de Mendoza,Estación automática: disponibilidad las 24 horas,estacion_automatica.png,Usina del Arte,108,Enero 2017,65.000000000000000,2017-09-18 02:18:56.421359
-58.414917875369746,-34.612322617722043,AUTOMÁTICA,DON BOSCO y LINIERS VIRREY,Don Bosco y Virrey LIniers,Estación automática: disponibilidad las 24 horas,estacion_automatica.png,Don Bosco,134,Enero 2017,5.000000000000000,2017-09-18 02:18:56.421359
-58.3585354975814,-34.61793215813681,AUTOMÁTICA,VERA PEÑALOZA ROSARIO y LANTERI JULIETA,Vera Peñalosa entre Calabria y Julieta Lanteri,Estación automática: disponibilidad las 24 horas,estacion_automatica.png,Julieta Lanteri,152,Enero 2017,5.263157894736842,2017-09-18 02:18:56.421359
-58.419079814097834,-34.602504907835232,AUTOMÁTICA,3918 HUMAHUACA,Humahuaca 3918,Estación automática: disponibilidad las 24 horas,estacion_automatica.png,Humahuaca,161,Enero 2017,20.000000000000000,2017-09-18 02:18:56.421359
-58.386315822494538,-34.602062861442946,AUTOMÁTICA,TUCUMAN y URUGUAY,Tucumán y Uruguay,Estación automática: disponibilidad las 24 horas,estacion_automatica.png,Uruguay,45,Febrero 2017,0.000000000000000,2017-09-18 02:18:56.421359
-58.380169620211639,-34.612835859719439,AUTOMÁTICA,9 DE JULIO AV y MORENO,9 de Julio y Moreno,Estación automática: disponibilidad las 24 horas,estacion_automatica.png,9 de Julio,112,Febrero 2017,,2017-09-18 02:18:56.421359
-58.397087129772203,-34.588819028185476,AUTOMÁTICA,LARREA y PACHECO DE MELO JOSE,Plaza Emilio Mitre - Larrea y Pacheco de Melo,Estación automática: disponibilidad las 24 horas,estacion_automatica.png,Emilio Mitre,119,Febrero 2017,,2017-09-18 02:18:56.421359
-58.367635797219805,-34.604575539790225,AUTOMÁTICA,MADERO EDUARDO AV y PERON JUAN D,Plaza Hipólito Bouchard - Av Eduardo Madero y Perón Juan,Estación automática: disponibilidad las 24 horas,estacion_automatica.png,Plaza Hipólito Bouchard,128,Febrero 2017,5.555555555555555,2017-09-18 02:18:56.421359
-58.373079718555999,-34.603567604039647,AUTOMÁTICA,CORRIENTES AV y SAN MARTIN,Av Corrientes y San Martín,Estación automática: disponibilidad las 24 horas,estacion_automatica.png,Corrientes,132,Febrero 2017,27.777777777777779,2017-09-18 02:18:56.421359
-58.379168314158932,-34.596902679150737,AUTOMÁTICA,ALVEAR MARCELO T y SUIPACHA,Marcelo T de Alvear y Suipacha,Estación automática: disponibilidad las 24 horas,estacion_automatica.png,Marcelo T. de Alvear,135,Febrero 2017,,2017-09-18 02:18:56.421359
-58.380838148391447,-34.615810448590985,AUTOMÁTICA,LIMA y MEXICO,Lima y México,Estación automática: disponibilidad las 24 horas,estacion_automatica.png,Lima,149,Febrero 2017,6.250000000000000,2017-09-18 02:18:56.421359
-58.411506961770939,-34.600671852352392,AUTOMÁTICA,GALLO y TUCUMAN,Gallo y Tucumán,Estación automática: disponibilidad las 24 horas,estacion_automatica.png,Gallo,154,Febrero 2017,3.571428571428571,2017-09-18 02:18:56.421359
-58.366159073162144,-34.618513310553155,AUTOMÁTICA,ESTADOS UNIDOS y AZOPARDO,Estados Unidos entre Azopardo y Huergo Av,Estación automática: disponibilidad las 24 horas,estacion_automatica.png,Facultad de Ingeniería,164,Febrero 2017,6.666666666666667,2017-09-18 02:18:56.421359
-58.377510105809542,-34.604165520391348,AUTOMÁTICA,ESMERALDA y CORRIENTES AV,Esmeralda y Av Corrientes,Estación automática: disponibilidad las 24 horas,estacion_automatica.png,Esmeralda y Corrientes,175,Febrero 2017,7.692307692307693,2017-09-18 02:18:56.421359
-58.400364721634915,-34.63442378773923,AUTOMÁTICA,2687 15 DE NOVIEMBRE DE 1889,15 de Noviembre de 1889 2687 entre Catamarca y Jujuy,Estación automática: disponibilidad las 24 horas,estacion_automatica.png,15 de Noviembre,105,Marzo 2017,0.000000000000000,2017-09-18 02:18:56.421359
-58.421106509072381,-34.598669262978618,AUTOMÁTICA,LAVALLE y ACUÑA DE FIGUEROA FRANCISCO,Lavalle y Acuña de Figueroa,Estación automática: disponibilidad las 24 horas,estacion_automatica.png,Acuña de Figueroa,54,Marzo 2017,25.000000000000000,2017-09-18 02:18:56.421359
-58.436172540550061,-34.593154000347887,AUTOMÁTICA,815 CASTILLO,Castillo 815 entre Thames y Serrano,Estación automática: disponibilidad las 24 horas,estacion_automatica.png,Castillo,100,Marzo 2017,23.529411764705880,2017-09-18 02:18:56.421359
-58.414861504438925,-34.602207572764158,AUTOMÁTICA,3606 GUARDIA VIEJA,Guardia Vieja 3606 entre Billinghurst y Mario Bravo,Estación automática: disponibilidad las 24 horas,estacion_automatica.png,Guardia Vieja,110,Marzo 2017,37.500000000000000,2017-09-18 02:18:56.421359
-58.419809435917514,-34.59207168497543,AUTOMÁTICA,4090 COSTA RICA,Costa Rica 4090 y Acuña de Figueroa,Estación automática: disponibilidad las 24 horas,estacion_automatica.png,Costa Rica,122,Marzo 2017,20.000000000000000,2017-09-18 02:18:56.421359
-58.428992306931107,-34.597140899809744,AUTOMÁTICA,185 LERMA,Lerma 185 y Julián Álvarez,Estación automática: disponibilidad las 24 horas,estacion_automatica.png,Lerma,109,Marzo 2017,7.142857142857142,2017-09-18 02:18:56.421359
-58.398771374712794,-34.587564432789691,AUTOMÁTICA,GUTIERREZ JUAN MARIA y AGUERO,Juan Maria Gutiérrez entre Aguero y Laprida,Estación automática: disponibilidad las 24 horas,estacion_automatica.png,Gutiérrez,90,Marzo 2017,0.000000000000000,2017-09-18 02:18:56.421359
-58.405192876269822,-34.602226634888858,AUTOMÁTICA,BOULOGNE SUR MER y TUCUMAN,Boulogne Sur Mer y Tucuman,Estación automática: disponibilidad las 24 horas,estacion_automatica.png,Pueyrredón,144,Marzo 2017,21.428571428571427,2017-09-18 02:18:56.421359
-58.424606522649533,-34.586116829933829,AUTOMÁTICA,4799 GUATEMALA,Guatemala 4799 entre J.L. Borges y Gurruchaga,Estación automática: disponibilidad las 24 horas,estacion_automatica.png,Guatemala,113,Marzo 2017,6.666666666666667,2017-09-18 02:18:56.421359
-58.434356277139351,-34.600611766816613,AUTOMÁTICA,285 VELASCO RAMIREZ DE JUAN,Velasco 285 entre Julián Álvarez y Lavalleja,Estación automática: disponibilidad las 24 horas,estacion_automatica.png,Velasco,129,Marzo 2017,0.000000000000000,2017-09-18 02:18:56.421359
-58.428182583233784,-34.615511077395986,AUTOMÁTICA,YRIGOYEN HIPOLITO AV y LA PLATA AV,Hipolito Yrigoyen entre Muñiz y La Plata,Estación automática: disponibilidad las 24 horas,estacion_automatica.png,Hipólito Yrigoyen,167,Marzo 2017,5.263157894736842,2017-09-18 02:18:56.421359
-58.42044617339581,-34.585871592384414,AUTOMÁTICA,2393 ARMENIA,Armenia 2393 y Charcas,Estación automática: disponibilidad las 24 horas,estacion_automatica.png,Armenia,123,Marzo 2017,10.526315789473683,2017-09-18 02:18:56.421359
-58.411715932322906,-34.581529034036805,AUTOMÁTICA,UGARTECHE y CABELLO,Ugarteche entre Cabello y Las Heras,Estación automática: disponibilidad las 24 horas,estacion_automatica.png,Ugarteche,124,Marzo 2017,10.526315789473683,2017-09-18 02:18:56.421359
-58.412552435606791,-34.633755221229869,AUTOMÁTICA,3401 SALCEDO,Salcedo 3401 y Virrey Liniers,Estación automática: disponibilidad las 24 horas,estacion_automatica.png,Virrey Liniers,139,Marzo 2017,15.789473684210526,2017-09-18 02:18:56.421359
-58.415176901261425,-34.635594242200639,AUTOMÁTICA,3587 LAS CASAS,Las Casas 3587 entre Av. Boedo y Alzaga,Estación automática: disponibilidad las 24 horas,estacion_automatica.png,Las Casas,140,Marzo 2017,,2017-09-18 02:18:56.421359
-58.360337029774882,-34.634518054059875,AUTOMÁTICA,469 PINZON,Pinzón 469 y Martín Rodríguez,Estación automática: disponibilidad las 24 horas,estacion_automatica.png,Pinzón,176,Marzo 2017,0.000000000000000,2017-09-18 02:18:56.421359
-58.404715318521227,-34.582919736859381,AUTOMÁTICA,CABELLO y DIAZ CNEL AV,Cabello entre Cnel Díaz y Ortiz de Ocampo,Estación automática: disponibilidad las 24 horas,estacion_automatica.png,Cabello,89,Marzo 2017,0.000000000000000,2017-09-18 02:18:56.421359
-58.368834075022953,-34.64041708432817,AUTOMÁTICA,REGIMIENTO DE PATRICIOS AV y ARAOZ DE LAMADRID GREGORIO,Regimiento de Patricios y Aráoz de Lamadrid,Estación automática: disponibilidad las 24 horas,estacion_automatica.png,Ministerio de Justicia y Seguridad,126,Abril 2017,35.294117647058826,2017-09-18 02:18:56.421359
-58.454462947865359,-34.587995852765744,AUTOMÁTICA,6900 CORRIENTES AV,Av Corrientes 6800 y Federico Lacroze,Estación automática: disponibilidad las 24 horas,estacion_automatica.png,Federico Lacroze,104,Abril 2017,38.888888888888893,2017-09-18 02:18:56.421359
-58.371109418966022,-34.631258300031917,AUTOMÁTICA,RUY DIAZ DE GUZMAN y GARCIA MARTIN AV,Ruy Díaz de Guzmán y Av. Martín García,Estación automática: disponibilidad las 24 horas,estacion_automatica.png,Ruy Díaz de Guzmán,73,Abril 2017,0.000000000000000,2017-09-18 02:18:56.421359
-58.380315607756359,-34.608678438680542,AUTOMÁTICA,RIVADAVIA AV y PELLEGRINI CARLOS,Rivadavia y Carlos pellegrini,Estación automática: disponibilidad las 24 horas,estacion_automatica.png,Rivadavia y 9 de Julio,191,Abril 2017,10.526315789473683,2017-09-18 02:18:56.421359
-58.374155969705498,-34.622506247987282,AUTOMÁTICA,632 SAN JUAN AV,Av San Juan 632,Estación automática: disponibilidad las 24 horas,estacion_automatica.png,Plaza Cecilia Grierson,173,Abril 2017,47.368421052631575,2017-09-18 02:18:56.421359
-58.437238049667613,-34.580917031797235,AUTOMÁTICA,1883 RAVIGNANI EMILIO DR,Ravignani 1883 y Costa Rica,Estación automática: disponibilidad las 24 horas,estacion_automatica.png,Ravignani,145,Abril 2017,38.888888888888893,2017-09-18 02:18:56.421359
-58.411315974359809,-34.593143773701406,AUTOMÁTICA,1853 BILLINGHURST,Billinghurst 1533 y Mansilla,Estación automática: disponibilidad las 24 horas,estacion_automatica.png,Billinghurst y Mansilla,181,Abril 2017,20.000000000000000,2017-09-18 02:18:56.421359
-58.444499737199948,-34.593286533051902,AUTOMÁTICA,VILLARROEL y HUMBOLDT,Villarroel y Humboldt,Estación automática: disponibilidad las 24 horas,estacion_automatica.png,Villarroel,158,Abril 2017,15.789473684210526,2017-09-18 02:18:56.421359
-58.361487225758097,-34.631138852255646,AUTOMÁTICA,383 BLANES JUAN MANUEL,Juan Manuel Blanes 383,Estación automática: disponibilidad las 24 horas,estacion_automatica.png,Juan Manuel Blanes,153,Abril 2017,5.555555555555555,2017-09-18 02:18:56.421359
-58.387818188062795,-34.603451245295076,AUTOMÁTICA,LAVALLE y PARANA,Lavalle enttre Montevideo y Paraná,Estación automática: disponibilidad las 24 horas,estacion_automatica.png,Paraná,83,Abril 2017,0.000000000000000,2017-09-18 02:18:56.421359
-58.370388506044804,-34.62605338696342,AUTOMÁTICA,BRASIL AV y DEFENSA,Brasil y Defensa,Estación automática: disponibilidad las 24 horas,estacion_automatica.png,Brasil,172,Abril 2017,10.526315789473683,2017-09-18 02:18:56.421359
-58.407189795994697,-34.622640918939688,AUTOMÁTICA,CALVO CARLOS y LA RIOJA,Hospital Francés: Carlos Calvo y La Rioja,Estación automática: disponibilidad las 24 horas,estacion_automatica.png,Hospital Francés,146,Abril 2017,0.000000000000000,2017-09-18 02:18:56.421359
-58.394172227937759,-34.62104777767432,AUTOMÁTICA,CALVO CARLOS y SARANDI,Carlos Calvo y Sarandí,Estación automática: disponibilidad las 24 horas,estacion_automatica.png,Carlos Calvo,93,Abril 2017,,2017-09-18 02:18:56.421359
-58.362403674151139,-34.605415802990578,AUTOMÁTICA,GUEMES MACACHA y MANSO JUANA,Macacha Guemes y Juana Manso,Estación automática: disponibilidad las 24 horas,estacion_automatica.png,Macacha Guemes,111,Abril 2017,,2017-09-18 02:18:56.421359
-58.402935871899558,-34.577862088880046,AUTOMÁTICA,"FIGUEROA ALCORTA, PRES. AV. y SAN MARTIN DE TOURS",Av Figueroa Alcorta y San Martín de Tours,Estación automática: disponibilidad las 24 horas,estacion_automatica.png,Malba,103,Abril 2017,5.000000000000000,2017-09-18 02:18:56.421359
-58.419612394390505,-34.573410019153599,AUTOMÁTICA,3291 GODOY CRUZ,Godoy Cruz 3291 entre Av Del Libertador y Seguí,Estación automática: disponibilidad las 24 horas,estacion_automatica.png,Godoy Cruz y Libertador,160,Abril 2017,5.263157894736842,2017-09-18 02:18:56.421359
-58.434635157877786,-34.57863855699928,AUTOMÁTICA,2171 RAVIGNANI,Ravignani 2171 y Guatemala,Estación automática: disponibilidad las 24 horas,estacion_automatica.png,Ravignani y Guatemala,182,Mayo 2017,0.000000000000000,2017-09-18 02:18:56.421359
-58.387169554942297,-34.635395033906541,AUTOMÁTICA,PERDRIEL y FINOCHIETTO ENRIQUE DR.,Perdriel y Finochietto Enrique,Estación automática: disponibilidad las 24 horas,estacion_automatica.png,Hospital Británico,138,Mayo 2017,9.090909090909092,2017-09-18 02:18:56.421359
-58.373688790006106,-34.592387855695442,AUTOMÁTICA,DEL LIBERTADOR AV y RAMOS MEJIA DR AV,Plaza Fuerza Aérea: Av. Dr. J. Ramos Mejia y Av Del Libertador,Estación automática: disponibilidad las 24 horas,estacion_automatica.png,Retiro II,130,Mayo 2017,5.263157894736842,2017-09-18 02:18:56.421359
-58.373613725144274,-34.592293487661529,AUTOMÁTICA,DEL LIBERTADOR AV y RAMOS MEJIA DR AV,Plaza Fuerza Aérea: Av. Dr. J. Ramos Mejia y Av Del Libertador,Estación automática: disponibilidad las 24 horas,estacion_automatica.png,Retiro III,131,Mayo 2017,22.222222222222221,2017-09-18 02:18:56.421359
-58.395346980336377,-34.630883905052393,AUTOMÁTICA,BRASIL AV y PICHINCHA AV,Hospital Garrahan: Av Brasil y Pichincha,Estación automática: disponibilidad las 24 horas,estacion_automatica.png,Hospital Garrahan,107,Mayo 2017,5.263157894736842,2017-09-18 02:18:56.421359
-58.433784068828885,-34.581487454008531,AUTOMÁTICA,5690 NICARAGUA,Nicaragua 5690 entre Bonpland y Fitz Roy,Estación automática: disponibilidad las 24 horas,estacion_automatica.png,Nicaragua,133,Mayo 2017,15.000000000000000,2017-09-18 02:18:56.421359
-58.41516078039129,-34.605082138089578,AUTOMÁTICA,455 BILLINGHURST,Billinghurst 455 y Valentín Gomez,Estación automática: disponibilidad las 24 horas,estacion_automatica.png,Billinghurst y Valentín Gomez,143,Mayo 2017,5.263157894736842,2017-09-18 02:18:56.421359
-58.366873779730994,-34.616372807516875,AUTOMÁTICA,AZOPARDO y CHILE,Azopardo 700 y Chile,Estación automática: disponibilidad las 24 horas,estacion_automatica.png,Azopardo y Chile,137,Mayo 2017,0.000000000000000,2017-09-18 02:18:56.421359
-58.42761893722038,-34.583927557678948,AUTOMÁTICA,FRAY JUSTO SANTAMARIA DE ORO y GUATEMALA,Fray Justo Santamaria de Oro y Guatemala,Estación automática: disponibilidad las 24 horas,estacion_automatica.png,Oro,125,Mayo 2017,0.000000000000000,2017-09-18 02:18:56.421359
-58.373621503583266,-34.620386791491157,AUTOMÁTICA,1016 PERU,Perú 1016 entre Humberto Primo y Carlos Calvo,Estación automática: disponibilidad las 24 horas,estacion_automatica.png,Humberto Primo,117,Mayo 2017,22.222222222222221,2017-09-18 02:18:56.421359
-58.402001034735171,-34.59255136865869,AUTOMÁTICA,BERUTI y ECUADOR,Beruti y Ecuador,Estación automática: disponibilidad las 24 horas,estacion_automatica.png,Hospital Alemán,116,Mayo 2017,,2017-09-18 02:18:56.421359
-58.389813511413784,-34.612284569267594,AUTOMÁTICA,225 SOLIS,Solís 225 y Adolfo Alsina,Estación automática: disponibilidad las 24 horas,estacion_automatica.png,Solís y Alsina,141,Mayo 2017,12.500000000000000,2017-09-18 02:18:56.421359
-58.452327624558428,-34.59265984952129,AUTOMÁTICA,4380 DUMONT SANTOS,Santos Dumont 4380 y Otero,Estación automática: disponibilidad las 24 horas,estacion_automatica.png,Santos Dumont y Otero,127,Mayo 2017,3.846153846153846,2017-09-18 02:18:56.421359
-58.428289890189404,-34.59100150765304,AUTOMÁTICA,1525 ARMENIA,Armenia 1525 entre Gorriti y Honduras,Estación automática: disponibilidad las 24 horas,estacion_automatica.png,Armenia y Gorriti,142,Mayo 2017,0.000000000000000,2017-09-18 02:18:56.421359
-58.378508123290992,-34.627901609859705,AUTOMÁTICA,1050 BRASIL AV,Av Brasil 1050 y Lima,Estación automática: disponibilidad las 24 horas,estacion_automatica.png,Constitución I,147,Mayo 2017,13.333333333333334,2017-09-18 02:18:56.421359
-58.378635142316021,-34.627940279938194,AUTOMÁTICA,1060 BRASIL AV,Av Brasil 1060 y Lima,Estación automática: disponibilidad las 24 horas,estacion_automatica.png,Constitución II,148,Mayo 2017,5.263157894736842,2017-09-18 02:18:56.421359
-58.411961226386282,-34.642173951185818,AUTOMÁTICA,300 ALMAFUERTE AV.,Pque. José E. Uriburu - Almafuerte 300,Estación automática: disponibilidad las 24 horas,estacion_automatica.png,Parque José Evaristo Uriburu,155,Junio 2017,16.666666666666664,2017-09-18 02:18:56.421359
-58.406019178308249,-34.609802239112838,AUTOMÁTICA,MITRE BARTOLOME y PUEYRREDON AV,Bartolomé Mitre y Av Pueyrredón,Estación automática: disponibilidad las 24 horas,estacion_automatica.png,Once II,163,Junio 2017,25.000000000000000,2017-09-18 02:18:56.421359
-58.427353641242703,-34.628755636230004,AUTOMÁTICA,989 SENILLOSA,Senillosa 989 y Zuviría,Estación automática: disponibilidad las 24 horas,estacion_automatica.png,Senillosa y Zuviría,157,Junio 2017,16.666666666666664,2017-09-18 02:18:56.421359
-58.436798254494654,-34.585483853596116,AUTOMÁTICA,1590 FITZ ROY,Fitz Roy 1590 y Gorriti,Estación automática: disponibilidad las 24 horas,estacion_automatica.png,Gorriti,159,Junio 2017,57.894736842105267,2017-09-18 02:18:56.421359
-58.401347721717883,-34.609685829341274,AUTOMÁTICA,LARREA y MITRE BARTOLOME,Larrea entre Bartolomé Mitre y Av Rivadavia,Estación automática: disponibilidad las 24 horas,estacion_automatica.png,Larrea y Bartolomé Mitre,162,Junio 2017,8.000000000000000,2017-09-18 02:18:56.421359
-58.405368695153911,-34.600179673898346,AUTOMÁTICA,2862 SAN LUIS,San Luis 2862 entre Ecuador y Boulogne Sur Mer,Estación automática: disponibilidad las 24 horas,estacion_automatica.png,San Luis y Ecuador,170,Junio 2017,10.000000000000000,2017-09-18 02:18:56.421359
-58.407254080088528,-34.598210601099908,AUTOMÁTICA,901 ANCHORENA TOMAS MANUEL,Plaza Monseñor Miguel de Andrea (Anchorena 900),Estación automática: disponibilidad las 24 horas,estacion_automatica.png,Plaza Monseñor Miguel de Andrea,165,Junio 2017,37.500000000000000,2017-09-18 02:18:56.421359
-58.380685853314418,-34.619066373531773,AUTOMÁTICA,ESTADOS UNIDOS y LIMA,Estados Unidos y Lima,Estación automática: disponibilidad las 24 horas,estacion_automatica.png,Estados Unidos,168,Junio 2017,40.000000000000000,2017-09-18 02:18:56.421359
-58.398929549319611,-34.603689810499283,AUTOMÁTICA,501 PASTEUR,Pasteur 501 entre Tucumán y Lavalle,Estación automática: disponibilidad las 24 horas,estacion_automatica.png,Pasteur,171,Junio 2017,0.000000000000000,2017-09-18 02:18:56.421359
-58.407368114555325,-34.578296588720306,AUTOMÁTICA,DEL LIBERTADOR AV y CAVIA,Plaza Alemania: Del Libertador Av y Cavia,Estación automática: disponibilidad las 24 horas,estacion_automatica.png,Plaza Alemania,156,Junio 2017,0.000000000000000,2017-09-18 02:18:56.421359
-58.411326928676772,-34.612466745851805,AUTOMÁTICA,YRIGOYEN HIPOLITO y 24 DE NOVIEMBRE,Hipólito Yrigoyen y 24 de Noviembre,Estación automática: disponibilidad las 24 horas,estacion_automatica.png,Facultad de Psicología,169,Julio 2017,5.555555555555555,2017-09-18 02:18:56.421359
-58.390951795244455,-34.597708428216933,AUTOMÁTICA,1698 ALVEAR MARCELO T DE,Marcelo T De Alvear 1698 y Rodríguez Peña,Estación automática: disponibilidad las 24 horas,estacion_automatica.png,Ministerio de Educación,174,Julio 2017,0.000000000000000,2017-09-18 02:18:56.421359
-58.410693831915587,-34.571189061817961,AUTOMÁTICA,ROLDAN BELISARIO AV y SARMIENTO AV,"Av. Roldan, Belisario y Av. Sarmiento",Estación automática: disponibilidad las 24 horas,estacion_automatica.png,Planetario,177,Julio 2017,83.333333333333343,2017-09-18 02:18:56.421359
-58.424268210248819,-34.623903925650026,AUTOMÁTICA,803 MARMOL JOSE,José Marmol 803 y Estados Unidos,Estación automática: disponibilidad las 24 horas,estacion_automatica.png,José Marmol,178,Julio 2017,28.571428571428569,2017-09-18 02:18:56.421359
-58.419872757053163,-34.620249230582388,AUTOMÁTICA,680 CASTRO,Castro 680 entre México y Agrelo,Estación automática: disponibilidad las 24 horas,estacion_automatica.png,Castro y México,180,Julio 2017,0.000000000000000,2017-09-18 02:18:56.421359
-58.389094864361013,-34.61608416032702,AUTOMÁTICA,1652 MEXICO,México 1652 entre Virrey Cevallos y Solís,Estación automática: disponibilidad las 24 horas,estacion_automatica.png,Virrey Cevallos,183,Julio 2017,11.111111111111111,2017-09-18 02:18:56.421359
-58.421184238226793,-34.631816294979934,AUTOMÁTICA,1439 TREINTA Y TRES ORIENTALES,"33 Orientales 1439, entre Av. Pavón y Av. Garay",Estación automática: disponibilidad las 24 horas,estacion_automatica.png,Av Pavón y 33 Orientales,185,Julio 2017,0.000000000000000,2017-09-18 02:18:56.421359
-58.406544866726868,-34.612997967899965,AUTOMÁTICA,2910 ALSINA ADOLFO,Adolfo Alsina 2910 y Catamarca,Estación automática: disponibilidad las 24 horas,estacion_automatica.png,Catamarca,186,Julio 2017,,2017-09-18 02:18:56.421359
-58.385018337914829,-34.598245719048123,AUTOMÁTICA,1034 TALCAHUANO,Talcahuano 1034 y Marcelo T de Alvear,Estación automática: disponibilidad las 24 horas,estacion_automatica.png,Talcahuano,192,Julio 2017,12.500000000000000,2017-09-18 02:18:56.421359
-58.405376386957848,-34.591558047843662,AUTOMÁTICA,2882 ARENALES,Arenales 2882 y Aguero,Estación automática: disponibilidad las 24 horas,estacion_automatica.png,Arenales y Aguero,193,Julio 2017,11.111111111111111,2017-09-18 02:18:56.421359
-58.421973858576813,-34.606399392142222,AUTOMÁTICA,3989 PERON JUAN DOMINGO TTE,"Perón, Juan Domingo Tte 3989 entre Francisco Acuña de Figueroa y Medrano",Estación automática: disponibilidad las 24 horas,estacion_automatica.png,Perón y Francisco Acuña de Figueroa,194,Julio 2017,46.153846153846153,2017-09-18 02:18:56.421359
-58.432907395452155,-34.611243128559472,AUTOMÁTICA,188 ARANGUREN JUAN F DR,Aranguren 188 entre Portugal y Eduardo Acevedo,Estación automática: disponibilidad las 24 horas,estacion_automatica.png,Aranguren,188,Agosto 2017,15.000000000000000,2017-09-18 02:18:56.421359
-58.390721421839643,-34.631125098299655,AUTOMÁTICA,1878 ECHAGUE PEDRO,Pedro Echague 1878 entre Combate de los Pozos y Av Entre Ríos,Estación automática: disponibilidad las 24 horas,estacion_automatica.png,Pedro Echague,184,Agosto 2017,0.000000000000000,2017-09-18 02:18:56.421359
-58.384989322848121,-34.588921822180914,AUTOMÁTICA,1350 POSADAS,Posadas 1350 entre Montevideo y Rodríguez Peña,Estación automática: disponibilidad las 24 horas,estacion_automatica.png,Posadas,189,Agosto 2017,5.000000000000000,2017-09-18 02:18:56.421359
-58.431192575820312,-34.61811343992958,AUTOMÁTICA,250 CHACO,Chaco 250,Estación automática: disponibilidad las 24 horas,estacion_automatica.png,Parque Rivadavia,187,Agosto 2017,0.000000000000000,2017-09-18 02:18:56.421359
-58.386856789120088,-34.627495390974531,AUTOMÁTICA,GARAY JUAN DE AV y SAENZ PEÑA LUIS PRES,Av Juan de Garay y Luis Sáenz Peña,Estación automática: disponibilidad las 24 horas,estacion_automatica.png,Plaza Garay,195,Agosto 2017,41.666666666666671,2017-09-18 02:18:56.421359
-58.410629805711721,-34.585525086373394,AUTOMÁTICA,3320 JUNCAL,Juncal 3320 y Jerónimo Salguero,Estación automática: disponibilidad las 24 horas,estacion_automatica.png,Juncal,190,Agosto 2017,0.000000000000000,2017-09-18 02:18:56.421359
-58.422882586693071,-34.614043000929541,AUTOMÁTICA,BOCAYUVA QUINTINO y DON BOSCO,Quintino Bocayuva y Don Bosco,Estación automática: disponibilidad las 24 horas,estacion_automatica.png,Quintino Bocayuva,197,Agosto 2017,23.529411764705880,2017-09-18 02:18:56.421359
-58.415283499239855,-34.622885442518275,AUTOMÁTICA,3568 ESTADOS UNIDOS,Estados Unidos 3568 entre Boedo y Maza,Estación automática: disponibilidad las 24 horas,estacion_automatica.png,Estados Unidos y Boedo,199,Agosto 2017,91.666666666666657,2017-09-18 02:18:56.421359
-58.403540355289415,-34.63482617648463,AUTOMÁTICA,2896 CASTILLO CATULO,Cátulo Castillo 2896 y Dean Funes,Estación automática: disponibilidad las 24 horas,estacion_automatica.png,Hospital Sardá,198,Agosto 2017,93.750000000000000,2017-09-18 02:18:56.421359
-58.365422790235357,-34.628222475557045,AUTOMÁTICA,750 PI Y MARGALL,Pi y Margall 750 entre Necochea y Alte. Brown,Estación automática: disponibilidad las 24 horas,estacion_automatica.png,Hospital Argerich,196,Agosto 2017,0.000000000000000,2017-09-18 02:18:56.421359
