X,Y,NOMBRE,DOMICILIO,IMAGEN,AUTOMAT,OBSERV,NRO_EST,Horario,DIRE_NORM,BARRIO,COMUNA,PERIMETRO,AREA
106500.16143162159,105115.88423065052,Facultad de Derecho,Av. Pres.Figueroa Alcorta y  Juan A.Bibiloni,estacion_automatica.png,AUTOMÁTICA,Abril 2015 (pasó de ser Manual a Automática),1,Estación automática: disponibilidad las 24 horas,"FIGUEROA ALCORTA, PRES. AV. y BIBILONI, JUAN A.",RECOLETA,2.00000000000,21246.61170237569,6140873.29113237930
108116.80440733292,104065.66366226709,Retiro,Av. Dr.Jose Ramos Mejia y Del Libertador Av,estacion_automatica.png,AUTOMÁTICA,Abril 2015 (pasó de ser Manual a Automática),2,Estación automática: disponibilidad las 24 horas,"DEL LIBERTADOR AV. y RAMOS MEJIA, JOSE MARIA, DR. AV.",RETIRO,1.00000000000,18081.94892034407,4534475.94253396990
108656.49918519761,101995.91283451696,Aduana,Av. Ing.Huergo y Av. Belgrano,estacion_automatica.png,AUTOMÁTICA,Abril 2015 (pasó de ser Manual a Automática),3,Estación automática: disponibilidad las 24 horas,"HUERGO, ING. AV. y BELGRANO AV.",MONSERRAT,1.00000000000,6739.22229846068,2198621.94183999580
108654.49612111786,103052.10572584407,Plaza Roma,Lavalle y Bouchard,estacion_automatica.png,AUTOMÁTICA,Abril 2015 (pasó de ser Manual a Automática),4,Estación automática: disponibilidad las 24 horas,LAVALLE y BOUCHARD,SAN NICOLAS,1.00000000000,6548.08474138703,2289007.58164465610
108614.19809928245,100142.80149745598,Parque Lezama,Av Martín García e Irala,estacion_automatica.png,AUTOMÁTICA,Abril 2015 (pasó de ser Manual a Automática),6,Estación automática: disponibilidad las 24 horas,"GARCIA, MARTIN AV. e IRALA",SAN TELMO,1.00000000000,5178.05650459628,1232275.09247445730
103881.33505609119,105450.77109323155,Plaza Italia,Av. Santa Fe y Av. Sarmiento,estacion_automatica.png,AUTOMÁTICA,Abril 2015 (pasó de ser Manual a Automática),5,Estación automática: disponibilidad las 24 horas,SARMIENTO AV. y CALZADA CIRCULAR PLAZA ITALIA,PALERMO,14.00000000000,21768.07488579441,15772496.33149999900
107549.78870855531,102596.08613638949,Obelisco,Av. 9 de Julio y Tte. Gral Juan Domingo Perón,estacion_automatica.png,AUTOMÁTICA,Abril 2015 (pasó de ser Manual a Automática),7,Estación automática: disponibilidad las 24 horas,"PELLEGRINI, CARLOS y PERON, JUAN DOMINGO, TTE. GENERAL",SAN NICOLAS,1.00000000000,6548.08474138703,2289007.58164465610
106791.4847175571,102142.95542752882,Congreso,Av. Hipólito Yrigoyen y Virrey Ceballos,estacion_automatica.png,AUTOMÁTICA,Abril 2015 (pasó de ser Manual a Automática),8,Estación automática: disponibilidad las 24 horas,"YRIGOYEN, HIPOLITO AV. y CEVALLOS, VIRREY",MONSERRAT,1.00000000000,6739.22229846068,2198621.94183999580
105152.08666025412,105030.0304865837,Parque Las Heras,Parque Las Heras,estacion_automatica.png,AUTOMÁTICA,Abril 2015 (pasó de ser Manual a Automática),9,Estación automática: disponibilidad las 24 horas,"DIAZ, CNEL. AV. y FRENCH",PALERMO,14.00000000000,21768.07488579441,15772496.33149999900
108946.96695530482,101517.5804169874,Puerto Madero - UCA,Moreau de Justo 1500,estacion_automatica.png,AUTOMÁTICA,Abril 2015 (pasó de ser Manual a Automática),10,Estación automática: disponibilidad las 24 horas,"1500 MOREAU DE JUSTO, ALICIA AV.",PUERTO MADERO,1.00000000000,17782.04410535398,5027424.89718008600
107180.3445819114,103098.64930254538,Tribunales,Tribunales,estacion_automatica.png,AUTOMÁTICA,Abril 2015 (pasó de ser Manual a Automática),11,Estación automática: disponibilidad las 24 horas,651 TALCAHUANO,SAN NICOLAS,1.00000000000,6548.08474138703,2289007.58164465610
106820.761876103,104001.42064325298,Plaza Vicente López,Plaza Vicente López,estacion_automatica.png,AUTOMÁTICA,Abril 2015 (pasó de ser Manual a Automática),12,Estación automática: disponibilidad las 24 horas,PARANA y JUNCAL,RECOLETA,2.00000000000,21246.61170237569,6140873.29113237930
105200.53957343695,102178.19506641541,Once,Plaza Miserere,estacion_automatica.png,AUTOMÁTICA,Abril 2015 (pasó de ser Manual a Automática),13,Estación automática: disponibilidad las 24 horas,RIVADAVIA AV. y PUEYRREDON AV.,BALVANERA,3.00000000000,8375.82181080804,4342280.26804481730
103393.04882958015,105710.52589453392,Pacífico,Pacífico,estacion_automatica.png,AUTOMÁTICA,Abril 2015 (pasó de ser Manual a Automática),14,Estación automática: disponibilidad las 24 horas,"580 BULLRICH, INT. AV.",PALERMO,14.00000000000,21768.07488579441,15772496.33149999900
105942.17092235596,103335.02720307498,Plaza Houssay,Plaza Houssay,estacion_automatica.png,AUTOMÁTICA,Nueva estación! - Se pasó de Manual a Automática en Junio 2015,43,Estación automática: disponibilidad las 24 horas,"CORDOBA AV. y URIBURU JOSE E., PRES.",RECOLETA,2.00000000000,21246.61170237569,6140873.29113237930
108124.71504831057,102138.68478194633,Legislatura (ex Plaza de Mayo),Perú y Diagonal Sur,estacion_automatica.png,AUTOMÁTICA,Abril 2015 (pasó de ser Manual a Automática),16,Estación automática: disponibilidad las 24 horas,"PERU y ROCA, JULIO A., PRESIDENTE AV.",MONSERRAT,1.00000000000,6739.22229846068,2198621.94183999580
104078.69540692137,102536.34246695117,Plaza Almagro,Plaza Almagro,estacion_automatica.png,AUTOMÁTICA,Abril 2015 (pasó de ser Manual a Automática),17,Estación automática: disponibilidad las 24 horas,"BULNES y PERON, JUAN DOMINGO, TTE. GENERAL",ALMAGRO,5.00000000000,8537.90136849144,4050752.24523803680
107595.4286276854,101316.69031655844,Independencia,Av. Independencia y 9 de Julio,estacion_automatica.png,AUTOMÁTICA,Abril 2015 (pasó de ser Manual a Automática),18,Estación automática: disponibilidad las 24 horas,INDEPENDENCIA AV. y 9 DE JULIO AV.,MONSERRAT,1.00000000000,6739.22229846068,2198621.94183999580
107866.35719147432,103753.49194084946,Plaza San Martín,Plaza San Martín,estacion_automatica.png,AUTOMÁTICA,Abril 2015 (pasó de ser Manual a Automática),19,Estación automática: disponibilidad las 24 horas,750 SANTA FE AV.,RETIRO,1.00000000000,18081.94892034407,4534475.94253396990
101973.67816486032,105461.48201811776,Distrito Audiovisual,Zapiola y Dorrego,estacion_automatica.png,AUTOMÁTICA,Abril 2015 (pasó de ser Manual a Automática),20,Estación automática: disponibilidad las 24 horas,1 ZAPIOLA,COLEGIALES,13.00000000000,6374.61904506894,2289774.10427560800
107405.82104532128,103898.63241858254,Arenales,Arenales y Cerrito,estacion_automatica.png,AUTOMÁTICA,Abril 2015 (pasó de ser Manual a Automática),22,Estación automática: disponibilidad las 24 horas,ARENALES y CERRITO,RETIRO,1.00000000000,18081.94892034407,4534475.94253396990
107680.86257500069,103211.07310489668,Suipacha,Suipacha y Viamonte,estacion_automatica.png,AUTOMÁTICA,Abril 2015 (pasó de ser Manual a Automática),23,Estación automática: disponibilidad las 24 horas,691 SUIPACHA,SAN NICOLAS,1.00000000000,6548.08474138703,2289007.58164465610
107569.78637487817,102071.16326728584,Alsina,Adolfo Alsina y Bernardo de Irigoyen,estacion_automatica.png,AUTOMÁTICA,Abril 2015 (pasó de ser Manual a Automática),24,Estación automática: disponibilidad las 24 horas,"ALSINA, ADOLFO e IRIGOYEN, BERNARDO DE",MONSERRAT,1.00000000000,6739.22229846068,2198621.94183999580
104333.37630458963,104408.53697643937,Plaza Guemes,Salguero Jerónimo y Mansilla,estacion_automatica.png,AUTOMÁTICA,Abril 2015 (pasó de ser Manual a Automática),25,Estación automática: disponibilidad las 24 horas,"SALGUERO, JERONIMO y MANSILLA, LUCIO NORBERTO, GENERAL",PALERMO,14.00000000000,21768.07488579441,15772496.33149999900
109145.02661722696,103131.55345769285,Juana Manso,Emma de la Barra y Juana Manso,estacion_automatica.png,AUTOMÁTICA,Abril 2015 (pasó de ser Manual a Automática) - Se modificó el nombre (ex Emma de la Barra),26,Estación automática: disponibilidad las 24 horas,"DE LA BARRA,  EMMA y MANSO JUANA",PUERTO MADERO,1.00000000000,17782.04410535398,5027424.89718008600
106733.36279993255,103292.55391509004,Montevideo,Av. Córdoba y Montevideo,estacion_automatica.png,AUTOMÁTICA,Abril 2015 (pasó de ser Manual a Automática),27,Estación automática: disponibilidad las 24 horas,CORDOBA AV. y MONTEVIDEO,SAN NICOLAS,1.00000000000,6548.08474138703,2289007.58164465610
104667.9333779966,100711.01902882267,Plaza Boedo,Carlos Calvo entre Virrey Liniers y Sánchez de Loria,estacion_automatica.png,AUTOMÁTICA,Abril 2015 (pasó de ser Manual a Automática),28,Estación automática: disponibilidad las 24 horas,"CALVO, CARLOS y LINIERS VIRREY",BOEDO,5.00000000000,6602.54330788318,2609773.94436397780
106022.14591933381,104540.42211991934,Plaza Emilio Mitre,Pacheco de Melo y Larrea,515-plaza_emilio_mitre.jpg,MANUAL,Continúa manual!! - Si bien permanece el sitio dejó de funcionar en Febrero de 2017 cuando se inauguró la Automática al lado.,515,Estación manual: lunes a viernes de 8 a 20 h y sábados de 9 a 15 h,"PACHECO DE MELO, JOSE ANDRES y LARREA",RECOLETA,2.00000000000,21246.61170237569,6140873.29113237930
102634.49013144738,102308.2783353089,Parque Centenario,Patricias Argentinas y Carlos Finlay,estacion_automatica.png,AUTOMÁTICA,Abril 2015 (pasó de ser Manual a Automática),29,Estación automática: disponibilidad las 24 horas,"PATRICIAS ARGENTINAS AV. y FINLAY, CARLOS J. AV.",CABALLITO,6.00000000000,10990.96447148555,6851028.91356985920
105197.36940738435,98805.007747046038,Parque Patricios,Iguazú y Uspallata,estacion_automatica.png,AUTOMÁTICA,Nueva estación! - Mayo 2015,21,Estación automática: disponibilidad las 24 horas,IGUAZU y USPALLATA,PARQUE PATRICIOS,4.00000000000,7878.46811523247,3743506.92777215970
106047.65918388608,104310.75450762825,Peña,Azcuénaga y Peña,estacion_automatica.png,AUTOMÁTICA,Nueva estación! - Abril de 2015 (se incorpora con el sistema automático),30,Estación automática: disponibilidad las 24 horas,AZCUENAGA y PEÑA,RECOLETA,2.00000000000,21246.61170237569,6140873.29113237930
108233.69559952756,102386.1422073007,Catedral,San Martín y Rivadavia,estacion_automatica.png,AUTOMÁTICA,Nueva estación! - Abril de 2015 (se incorpora con el sistema automático),32,Estación automática: disponibilidad las 24 horas,SAN MARTIN y RIVADAVIA AV.,SAN NICOLAS,1.00000000000,6548.08474138703,2289007.58164465610
108388.33619883077,103650.69038313995,Ingeniero Butty,Ing. Butty y Leandro N. Alem,estacion_automatica.png,AUTOMÁTICA,Nueva estación! - Abril de 2015 (se incorpora con el sistema automático),35,Estación automática: disponibilidad las 24 horas,"BUTTY, E., ING. y ALEM, LEANDRO N. AV.",RETIRO,1.00000000000,18081.94892034407,4534475.94253396990
107952.82866031546,102648.07034719383,Maipú,Maipú y Sarmiento,estacion_automatica.png,AUTOMÁTICA,Nueva estación! - Abril de 2015 (se incorpora con el sistema automático),36,Estación automática: disponibilidad las 24 horas,MAIPU y SARMIENTO,SAN NICOLAS,1.00000000000,6548.08474138703,2289007.58164465610
107836.28686482625,102365.78830089663,Piedras,Esmeralda y Rivadavia,estacion_automatica.png,AUTOMÁTICA,Nueva estación! - Abril de 2015 (se incorpora con el sistema automático),37,Estación automática: disponibilidad las 24 horas,ESMERALDA y RIVADAVIA AV.,SAN NICOLAS,1.00000000000,6548.08474138703,2289007.58164465610
107375.759909824,103578.02094756646,Plaza Libertad,Cerrito y Marcelo T. de Alvear,estacion_automatica.png,AUTOMÁTICA,Nueva estación! - Abril de 2015 (se incorpora con el sistema automático),38,Estación automática: disponibilidad las 24 horas,"CERRITO y ALVEAR, MARCELO T. DE",RETIRO,1.00000000000,18081.94892034407,4534475.94253396990
105107.8586543869,99194.416882354242,Urquiza,Gral Urquiza y Rondeau,estacion_automatica.png,AUTOMÁTICA,Nueva estación! - Julio 2015,41,Estación automática: disponibilidad las 24 horas,"URQUIZA, GRAL. y RONDEAU",PARQUE PATRICIOS,4.00000000000,7878.46811523247,3743506.92777215970
105924.3704395821,103563.92046980267,Facultad de Medicina,Uriburu y Marcelo T. de Alvear,estacion_automatica.png,AUTOMÁTICA,Nueva estación! - Junio 2015,33,Estación automática: disponibilidad las 24 horas,URIBURU JOSE E. y ALVEAR MARCELO T DE,RECOLETA,2.00000000000,21246.61170237569,6140873.29113237930
108177.08423058024,103290.11879555394,Galerías Pacífico,"San Martín 710, entre Viamonte y Córdoba",estacion_automatica.png,AUTOMÁTICA,Nueva estación! - Junio 2015,34,Estación automática: disponibilidad las 24 horas,710 SAN MARTIN,SAN NICOLAS,1.00000000000,6548.08474138703,2289007.58164465610
108248.72826516948,102755.50805433604,Sarmiento,"Sarmiento 481, entre Reconquista y San Martín",estacion_automatica.png,AUTOMÁTICA,Nueva estación! - Junio 2015,40,Estación automática: disponibilidad las 24 horas,481 SARMIENTO,SAN NICOLAS,1.00000000000,6548.08474138703,2289007.58164465610
104468.99179240727,105965.46244535767,Zoológico,Av Del Libertador y Av Sarmiento,estacion_automatica.png,AUTOMÁTICA,Nueva estación! - Junio 2015,44,Estación automática: disponibilidad las 24 horas,AV DEL LIBERTADOR y AV SARMIENTO,PALERMO,14.00000000000,21768.07488579441,15772496.33149999900
107416.32434597994,103068.14029824769,Tucumán,Tucumán y Cerrito,estacion_automatica.png,AUTOMÁTICA,Julio 2015,51,Estación automática: disponibilidad las 24 horas,TUCUMAN y CERRITO,SAN NICOLAS,1.00000000000,6548.08474138703,2289007.58164465610
108154.21365555441,101426.56050146035,Chile,Perú 726,estacion_automatica.png,AUTOMÁTICA,Nueva estación! - Julio 2015,46,Estación automática: disponibilidad las 24 horas,726 PERU,SAN TELMO,1.00000000000,5178.05650459628,1232275.09247445730
107925.52723560549,103408.35843160746,Córdoba,Maipú 820,estacion_automatica.png,AUTOMÁTICA,Nueva estación! - Julio 2015,62,Estación automática: disponibilidad las 24 horas,820 MAIPU,RETIRO,1.00000000000,18081.94892034407,4534475.94253396990
108165.97649451901,103700.3579623827,Ricardo Rojas,San Martín 1031,estacion_automatica.png,AUTOMÁTICA,Nueva estación! - Julio 2015,53,Estación automática: disponibilidad las 24 horas,1031 SAN MARTIN,RETIRO,1.00000000000,18081.94892034407,4534475.94253396990
107672.60258435634,102728.9683615409,Diagonal Norte,Roque Sáenz Peña y Suipacha,estacion_automatica.png,AUTOMÁTICA,Nueva estación! - Agosto 2015,42,Estación automática: disponibilidad las 24 horas,SAENZ PEÑA ROQUE AV y SUIPACHA,SAN NICOLAS,1.00000000000,6548.08474138703,2289007.58164465610
108452.23512011592,103061.45319721584,25 de Mayo,25 de Mayo y Lavalle,estacion_automatica.png,AUTOMÁTICA,Nueva estación! - Agosto 2015,60,Estación automática: disponibilidad las 24 horas,25 DE MAYO y LAVALLE,SAN NICOLAS,1.00000000000,6548.08474138703,2289007.58164465610
107145.40446377508,102506.89776232971,Rivarola,Dr. Rodolfo Rivarola 175 entre Tte. Gral. Juan Domingo Perón y Bartolomé Mitre,estacion_automatica.png,AUTOMÁTICA,Nueva estación! - Septiembre 2015,68,Estación automática: disponibilidad las 24 horas,175 RIVAROLA RODOLFO DR,SAN NICOLAS,1.00000000000,6548.08474138703,2289007.58164465610
108504.1423076379,101758.36448203486,Belgrano,Balcarce 482 entre Belgrano y Venezuela,estacion_automatica.png,AUTOMÁTICA,Nueva estación! - Septiembre 2015,57,Estación automática: disponibilidad las 24 horas,482 BALCARCE,MONSERRAT,1.00000000000,6739.22229846068,2198621.94183999580
104460.63646508066,102459.57041896615,Sánchez de Bustamante,Sánchez de Bustamante y Perón Juan,estacion_automatica.png,AUTOMÁTICA,Nueva estación! - Septiembre 2015,52,Estación automática: disponibilidad las 24 horas,SANCHEZ DE BUSTAMANTE y PERON JUAN D,ALMAGRO,5.00000000000,8537.90136849144,4050752.24523803680
103396.74540563092,102422.24415076905,Hospital Italiano,Rawson entre Potosí y Díaz Vélez,estacion_automatica.png,AUTOMÁTICA,Nueva estación! - Febrero 2016,82,Estación automática: disponibilidad las 24 horas,RAWSON y DIAZ VELEZ AV,ALMAGRO,5.00000000000,8537.90136849144,4050752.24523803680
104752.56916145381,104330.26466353059,Coronel Díaz,Güemes 3328 y Coronel Diaz,estacion_automatica.png,AUTOMÁTICA,Nueva estación! - Febrero 2016,59,Estación automática: disponibilidad las 24 horas,3328 GUEMES,PALERMO,14.00000000000,21768.07488579441,15772496.33149999900
104344.99345381204,104664.23116088293,Julián Álvarez,Güemes 3822 entre Julián Álvarez y Araoz,estacion_automatica.png,AUTOMÁTICA,Nueva estación! - Febrero 2016,65,Estación automática: disponibilidad las 24 horas,3822 GUEMES,PALERMO,14.00000000000,21768.07488579441,15772496.33149999900
108411.54479643321,102634.09918914581,Perón,Perón Juan entre 25 de Mayo y Reconquista,estacion_automatica.png,AUTOMÁTICA,Nueva estación! - Agosto 2015,48,Estación automática: disponibilidad las 24 horas,PERON JUAN D y RECONQUISTA,SAN NICOLAS,1.00000000000,6548.08474138703,2289007.58164465610
102630.97394372709,105998.95299149433,Ministro Carranza,Santa Fe 5327 entre Dorrego y Arévalo,estacion_automatica.png,AUTOMÁTICA,Nueva estación! - Octubre 2015,58,Estación automática: disponibilidad las 24 horas,5327 SANTA FE AV,PALERMO,14.00000000000,21768.07488579441,15772496.33149999900
103507.02771879654,104425.47153245228,Plaza Palermo Viejo,Costa Rica y Malabia,estacion_automatica.png,AUTOMÁTICA,Nueva estación! - Octubre 2015,56,Estación automática: disponibilidad las 24 horas,COSTA RICA y MALABIA,PALERMO,14.00000000000,21768.07488579441,15772496.33149999900
106271.24110924824,102404.88012329242,Ayacucho,Ayacucho entre Perón Juan y Bartolomé Mitre,estacion_automatica.png,AUTOMÁTICA,Nueva estación! - Enero 2016,76,Estación automática: disponibilidad las 24 horas,AYACUCHO y PERON JUAN D,BALVANERA,3.00000000000,8375.82181080804,4342280.26804481730
106316.97429952187,103893.97520395368,Riobamba,Riobamba y Juncal,estacion_automatica.png,AUTOMÁTICA,Nueva estación! - Enero 2016,64,Estación automática: disponibilidad las 24 horas,RIOBAMBA y JUNCAL,RECOLETA,2.00000000000,21246.61170237569,6140873.29113237930
102163.87311438385,102895.97543790129,Padilla,Padilla y Warnes Av,estacion_automatica.png,AUTOMÁTICA,Nueva estación! - Enero 2016,31,Estación automática: disponibilidad las 24 horas,PADILLA y WARNES AV,VILLA CRESPO,15.00000000000,8132.69934845057,3613583.69021913320
101271.2768125755,104154.47826205142,Guzmán,Guzmán y Leiva,estacion_automatica.png,AUTOMÁTICA,Nueva estación! - Enero 2016,94,Estación automática: disponibilidad las 24 horas,GUZMÁN y LEIVA,CHACARITA,15.00000000000,7725.69522770465,3118100.97239645380
107380.04100330859,102911.79765056929,Cerrito,Av. Roque Saenz Peña 1149 entre Libertad y Cerrito,estacion_automatica.png,AUTOMÁTICA,"Nueva estación! - Febrero 2016 (antes figuraba con nombre ""Libertad"")",71,Estación automática: disponibilidad las 24 horas,1149 SAENZ PEÑA ROQUE AV,SAN NICOLAS,1.00000000000,6548.08474138703,2289007.58164465610
102665.24551621018,102739.49657659452,Instituto Leloir,"Av. Patricias Argentinas 401, entre Juana de Ibarbourou y Av. Machado",estacion_automatica.png,AUTOMÁTICA,Nueva estación! - Febrero 2016,74,Estación automática: disponibilidad las 24 horas,401  PATRICIAS ARGENTINAS AV,CABALLITO,6.00000000000,10990.96447148555,6851028.91356985920
108231.0083951187,102047.28434989024,Colegio Nacional Buenos Aires,Bolivar entre Adolfo Alsina y Moreno,estacion_automatica.png,AUTOMÁTICA,Nueva estación! - Febrero 2016,47,Estación automática: disponibilidad las 24 horas,251 BOLIVAR,MONSERRAT,1.00000000000,6739.22229846068,2198621.94183999580
108480.93678441399,102235.24550907721,Ministerio de Economía,Balcarce 101 entre Av. Hipólito Yrigoyen y Alsina,estacion_automatica.png,AUTOMÁTICA,Nueva estación! - Febrero 2016,61,Estación automática: disponibilidad las 24 horas,101 BALCARCE,MONSERRAT,1.00000000000,6739.22229846068,2198621.94183999580
107808.43712528623,103011.71744215333,Esmeralda,Esmeralda 510,estacion_automatica.png,AUTOMÁTICA,Nueva estación! - Febrero 2016,95,Estación automática: disponibilidad las 24 horas,510 ESMERALDA,SAN NICOLAS,1.00000000000,6548.08474138703,2289007.58164465610
105407.1691053176,103704.48228976042,Ecuador,Ecuador 1200 y Mansilla,estacion_automatica.png,AUTOMÁTICA,Nueva estación! - Febrero 2016,69,Estación automática: disponibilidad las 24 horas,ECUADOR y MANSILLA LUCIO NORBERTO,RECOLETA,2.00000000000,21246.61170237569,6140873.29113237930
108139.46697875044,101729.21009059792,Venezuela,Perú 490 y Venezuela,estacion_automatica.png,AUTOMÁTICA,Nueva estación: 29/02/2016,72,Estación automática: disponibilidad las 24 horas,490 PERU,MONSERRAT,1.00000000000,6739.22229846068,2198621.94183999580
108308.61578972137,103302.22466445582,Reconquista,Reconquista 716 y Av Córdoba,estacion_automatica.png,AUTOMÁTICA,Nueva estación: 29/02/2016,63,Estación automática: disponibilidad las 24 horas,716 RECONQUISTA,SAN NICOLAS,1.00000000000,6548.08474138703,2289007.58164465610
102539.58240771112,103659.30479037923,Malabia,Malabia 780 y Loyola,estacion_automatica.png,AUTOMÁTICA,Junio 2016,99,Estación automática: disponibilidad las 24 horas,780 MALABIA,VILLA CRESPO,15.00000000000,8132.69934845057,3613583.69021913320
104743.63940636477,102925.11506101138,Carlos Gardel,Guardia Vieja 3302,estacion_automatica.png,AUTOMÁTICA,Junio 2016,96,Estación automática: disponibilidad las 24 horas,3302 GUARDIA VIEJA,BALVANERA,3.00000000000,8375.82181080804,4342280.26804481730
103213.46421077773,103155.70137260416,Yatay,Yatay 925 entre Humahuaca y Guardia Vieja,estacion_automatica.png,AUTOMÁTICA,Noviembre 2016,121,Estación automática: disponibilidad las 24 horas,925 YATAY,ALMAGRO,5.00000000000,8537.90136849144,4050752.24523803680
106030.24116098256,101304.70602576295,Pasco,Pasco 708 entre Chile y Av Independencia,estacion_automatica.png,AUTOMÁTICA,Julio 2016,91,Estación automática: disponibilidad las 24 horas,708 PASCO,BALVANERA,3.00000000000,8375.82181080804,4342280.26804481730
108476.18244677605,101485.18624659942,Balcarce,Balcarce 683 entre Chile y Defensa,estacion_automatica.png,AUTOMÁTICA,Junio 2016,81,Estación automática: disponibilidad las 24 horas,683 BALCARCE,MONSERRAT,1.00000000000,6739.22229846068,2198621.94183999580
107812.29565450613,101944.30147365191,Moreno,Moreno 834 entre Tacuarí y Piedras,estacion_automatica.png,AUTOMÁTICA,Julio 2016,98,Estación automática: disponibilidad las 24 horas,834 MORENO,MONSERRAT,1.00000000000,6739.22229846068,2198621.94183999580
108326.37013177453,103825.38739712385,Della Paolera,Carlos M. Della Paolera 297 entre Leandro N Alem y Eduardo Madero,estacion_automatica.png,AUTOMÁTICA,Noviembre 2016,114,Estación automática: disponibilidad las 24 horas,297 DELLA PAOLERA CARLOS M,RETIRO,1.00000000000,18081.94892034407,4534475.94253396990
106221.7025199143,102990.92191346118,Lavalle,Ayacucho 595 entre Tucumán y Lavalle,estacion_automatica.png,AUTOMÁTICA,Junio 2016,84,Estación automática: disponibilidad las 24 horas,595 AYACUCHO,BALVANERA,3.00000000000,8375.82181080804,4342280.26804481730
104978.11323529505,103842.96982576244,Aguero,Aguero y Mansilla,estacion_automatica.png,AUTOMÁTICA,Enero 2016,85,Estación automática: disponibilidad las 24 horas,AGUERO Y MANSILLA,RECOLETA,2.00000000000,21246.61170237569,6140873.29113237930
104535.49292394296,103841.74878786255,Billinghurst,De la Cárcova 3508,estacion_automatica.png,AUTOMÁTICA,Junio 2016,66,Estación automática: disponibilidad las 24 horas,3508 DE LA CARCOVA,RECOLETA,2.00000000000,21246.61170237569,6140873.29113237930
103438.63734455119,104059.27003790849,Aráoz,Aráoz 1413 entre Gorriti y Honduras,estacion_automatica.png,AUTOMÁTICA,Junio 2016,70,Estación automática: disponibilidad las 24 horas,1413 ARAOZ,PALERMO,14.00000000000,21768.07488579441,15772496.33149999900
108593.16051575757,103316.58669234827,Bouchard,Viamonte 101 y Bouchard,estacion_automatica.png,AUTOMÁTICA,Julio 2016,55,Estación automática: disponibilidad las 24 horas,101 VIAMONTE,SAN NICOLAS,1.00000000000,6548.08474138703,2289007.58164465610
106652.62565161478,104596.72390856437,Quintana,Manuel Quintana 600,estacion_automatica.png,AUTOMÁTICA,Noviembre 2016,115,Estación automática: disponibilidad las 24 horas,600 QUINTANA MANUEL,RECOLETA,2.00000000000,21246.61170237569,6140873.29113237930
105702.30451813265,105056.02936368235,Hospital Rivadavia,Lucena Pereyra 2516 entre Las Heras y Pagano,estacion_automatica.png,AUTOMÁTICA,Agosto 2016,50,Estación automática: disponibilidad las 24 horas,2516 PEREYRA LUCENA,PALERMO,14.00000000000,21768.07488579441,15772496.33149999900
105417.635713703,101818.08282377239,Misiones,Misiones entre Adolfo Alsina y Moreno,estacion_automatica.png,AUTOMÁTICA,Agosto de 2016,88,Estación automática: disponibilidad las 24 horas,MISIONES y ALSINA ADOLFO,BALVANERA,3.00000000000,8375.82181080804,4342280.26804481730
107610.84004323029,104196.22870609601,Suipacha y Arroyo,Arroyo y Suipacha,estacion_automatica.png,AUTOMÁTICA,"Agosto 2016 - En Julio de 2017 cambió su nombre y ubicación. Antes era ""Arroyo""",78,Estación automática: disponibilidad las 24 horas,ARROYO y SUIPACHA,RETIRO,1.00000000000,18081.94892034407,4534475.94253396990
103024.38026507958,100569.77579259785,Doblas,Doblas 608 y Valle,estacion_automatica.png,AUTOMÁTICA,Agosto 2016,80,Estación automática: disponibilidad las 24 horas,608 DOBLAS,CABALLITO,6.00000000000,10990.96447148555,6851028.91356985920
103467.85719525439,98975.35163995999,Senillosa,Senillosa 1905 y zañartú,estacion_automatica.png,AUTOMÁTICA,Agosto 2016,67,Estación automática: disponibilidad las 24 horas,1905 SENILLOSA,PARQUE CHACABUCO,7.00000000000,8406.91432074686,3832116.69921769250
102913.01357454466,101046.93765806309,Guayaquil,Guayaquil 213 y Doblas,estacion_automatica.png,AUTOMÁTICA,Nueva! Septiembre 2016,87,Estación automática: disponibilidad las 24 horas,213 GUAYAQUIL,CABALLITO,6.00000000000,10990.96447148555,6851028.91356985920
103291.58156484412,99336.020812949544,Avelino Díaz,Avelino Díaz 499 y Doblas,estacion_automatica.png,AUTOMÁTICA,Nueva! Septiembre 2016,97,Estación automática: disponibilidad las 24 horas,499 DIAZ AVELINO,PARQUE CHACABUCO,7.00000000000,8406.91432074686,3832116.69921769250
103748.39877776487,100049.47762583515,Treinta y Tres Orientales,Constitución 4101 y Treinta y Tres Orientales,estacion_automatica.png,AUTOMÁTICA,Nueva! Septiembre 2016,49,Estación automática: disponibilidad las 24 horas,4101  CONSTITUCION,BOEDO,5.00000000000,6602.54330788318,2609773.94436397780
105647.24435028738,100876.23247137007,Saavedra,Saavedra 1027 entre Carlos Calvo Y Humberto 1º,estacion_automatica.png,AUTOMÁTICA,Septiembre 2016,86,Estación automática: disponibilidad las 24 horas,1027 SAAVDREA,SAN CRISTOBAL,3.00000000000,5987.22647878944,2043711.12345591020
106420.30534058782,104448.49193695594,Cementerio de la Recoleta,Vicente López 2050 entre Junín y Uriburu,estacion_automatica.png,AUTOMÁTICA,Inaugurada 3/10/2016,166,Estación automática: disponibilidad las 24 horas,2050 LOPEZ VICENTE,RECOLETA,2.00000000000,21246.61170237569,6140873.29113237930
109110.3370818063,101942.38134819032,Azucena Villaflor,Azucena Villaflor y Pierina Dealessi,estacion_automatica.png,AUTOMÁTICA,Diciembre 2016,79,Estación automática: disponibilidad las 24 horas,VILLAFLOR AZUCENA y DEALESSI PIERINA,PUERTO MADERO,1.00000000000,17782.04410535398,5027424.89718008600
109190.22027169444,101236.6152696137,Vera Peñaloza,Rosario Vera Peñaloza y Olga Cossettini,estacion_automatica.png,AUTOMÁTICA,Diciembre 2016,150,Estación automática: disponibilidad las 24 horas,ROSARIO VERA PEÑALOZA y OLGA COSSETINI,PUERTO MADERO,1.00000000000,17782.04410535398,5027424.89718008600
105546.08777810968,101380.31994238749,México,Saavedra y México,estacion_automatica.png,AUTOMÁTICA,Diciembre 2016,118,Estación automática: disponibilidad las 24 horas,MEXICO y SAAVEDRA,BALVANERA,3.00000000000,8375.82181080804,4342280.26804481730
106181.69619048003,101559.23194725394,Rincón,Venezuela 2091 y Rincón,estacion_automatica.png,AUTOMÁTICA,Diciembre 2016,106,Estación automática: disponibilidad las 24 horas,2091 REPUBLICA BOLIVARIANA DE VENEZUELA,BALVANERA,3.00000000000,8375.82181080804,4342280.26804481730
105344.06610897942,99726.182076375757,Salcedo,Salcedo 2908 y Dean Funes,estacion_automatica.png,AUTOMÁTICA,Diciembre 2016,92,Estación automática: disponibilidad las 24 horas,2908 SALCEDO,PARQUE PATRICIOS,4.00000000000,7878.46811523247,3743506.92777215970
106279.8072941134,101994.679534308,Sarandí,Sarandí entre Adolfo Alsina e Hipólito Yrigoyen,estacion_automatica.png,AUTOMÁTICA,Diciembre 2016,77,Estación automática: disponibilidad las 24 horas,SARANDI e YRIGOYEN HIPOLITO AV,BALVANERA,3.00000000000,8375.82181080804,4342280.26804481730
105906.10763699532,101900.26648769654,Plaza Primero de Mayo,Pichincha entre Adolfo Alsina y Moreno,estacion_automatica.png,AUTOMÁTICA,Diciembre 2016,75,Estación automática: disponibilidad las 24 horas,PICHINCHA y ALSINA ADOLFO,BALVANERA,3.00000000000,8375.82181080804,4342280.26804481730
104969.74660504462,101298.94082723341,Hospital Ramos Mejía,"Agrelo entre  Gral. Urquiza, y Gral. La Rioja",estacion_automatica.png,AUTOMÁTICA,Diciembre 2016,120,Estación automática: disponibilidad las 24 horas,URQUIZA GRAL y AGRELO,BALVANERA,3.00000000000,8375.82181080804,4342280.26804481730
109391.28324436695,101932.42450622411,Aimé Painé,Azucena Villaflor 553 entre Calabria y Aimé Painé,estacion_automatica.png,AUTOMÁTICA,Diciembre 2016,151,Estación automática: disponibilidad las 24 horas,553 VILLAFLOR AZUCENA,PUERTO MADERO,1.00000000000,17782.04410535398,5027424.89718008600
101871.14935915105,103267.64049320626,Acevedo,Acevedo y Padilla,estacion_automatica.png,AUTOMÁTICA,Enero 2017,136,Estación automática: disponibilidad las 24 horas,ACEVEDO y PADILLA,VILLA CRESPO,15.00000000000,8132.69934845057,3613583.69021913320
101915.28865928046,104461.65259922328,Fitz Roy,Fitz Roy 1092 y Loyola,estacion_automatica.png,AUTOMÁTICA,Enero 2017,101,Estación automática: disponibilidad las 24 horas,1092 FITZ ROY,CHACARITA,15.00000000000,7725.69522770465,3118100.97239645380
109815.63281558758,100049.12159718956,Usina del Arte,Caffarena Agustín y Don Pedro de Mendoza,estacion_automatica.png,AUTOMÁTICA,Enero 2017,108,Estación automática: disponibilidad las 24 horas,CAFFARENA AGUSTIN y DON PEDRO DE MENDOZA,BOCA,4.00000000000,20595.90145984565,5028580.57144843690
104382.59928903771,101928.58356016513,Don Bosco,Don Bosco y Virrey LIniers,estacion_automatica.png,AUTOMÁTICA,Enero 2017,134,Estación automática: disponibilidad las 24 horas,DON BOSCO y LINIERS VIRREY,ALMAGRO,5.00000000000,8537.90136849144,4050752.24523803680
109553.37671446032,101302.38788074664,Julieta Lanteri,Vera Peñalosa entre Calabria y Julieta Lanteri,estacion_automatica.png,AUTOMÁTICA,Enero 2017,152,Estación automática: disponibilidad las 24 horas,VERA PEÑALOZA ROSARIO y LANTERI JULIETA,PUERTO MADERO,1.00000000000,17782.04410535398,5027424.89718008600
104001.3351851527,103017.89321068996,Humahuaca,Humahuaca 3918,estacion_automatica.png,AUTOMÁTICA,Enero 2017,161,Estación automática: disponibilidad las 24 horas,3918 HUMAHUACA,ALMAGRO,5.00000000000,8537.90136849144,4050752.24523803680
107006.85547299644,103065.14463049493,Uruguay,Tucumán y Uruguay,estacion_automatica.png,AUTOMÁTICA,Febrero 2017,45,Estación automática: disponibilidad las 24 horas,TUCUMAN y URUGUAY,SAN NICOLAS,1.00000000000,6548.08474138703,2289007.58164465610
107569.67988275841,101869.58780237792,9 de Julio,9 de Julio y Moreno,estacion_automatica.png,AUTOMÁTICA,Febrero 2017,112,Estación automática: disponibilidad las 24 horas,9 DE JULIO AV y MORENO,MONSERRAT,1.00000000000,6739.22229846068,2198621.94183999580
106019.73954975823,104535.05406471231,Emilio Mitre,Plaza Emilio Mitre - Larrea y Pacheco de Melo,estacion_automatica.png,AUTOMÁTICA,Febrero 2017,119,Estación automática: disponibilidad las 24 horas,LARREA y PACHECO DE MELO JOSE,RECOLETA,2.00000000000,21246.61170237569,6140873.29113237930
108720.14503735949,102784.94252691125,Plaza Hipólito Bouchard,Plaza Hipólito Bouchard - Av Eduardo Madero y Perón Juan,estacion_automatica.png,AUTOMÁTICA,Febrero 2017,128,Estación automática: disponibilidad las 24 horas,MADERO EDUARDO AV y PERON JUAN D,SAN NICOLAS,1.00000000000,6548.08474138703,2289007.58164465610
108220.8787080742,102897.21584716535,Corrientes,Av Corrientes y San Martín,estacion_automatica.png,AUTOMÁTICA,Febrero 2017,132,Estación automática: disponibilidad las 24 horas,CORRIENTES AV y SAN MARTIN,SAN NICOLAS,1.00000000000,6548.08474138703,2289007.58164465610
107662.98309449182,103637.07402440054,Marcelo T. de Alvear,Marcelo T de Alvear y Suipacha,estacion_automatica.png,AUTOMÁTICA,Febrero 2017,135,Estación automática: disponibilidad las 24 horas,ALVEAR MARCELO T y SUIPACHA,RETIRO,1.00000000000,18081.94892034407,4534475.94253396990
107508.09469485404,101539.64854852177,Lima,Lima y México,estacion_automatica.png,AUTOMÁTICA,Febrero 2017,149,Estación automática: disponibilidad las 24 horas,LIMA y MEXICO,MONSERRAT,1.00000000000,6739.22229846068,2198621.94183999580
104696.10580812319,103220.9183233948,Gallo,Gallo y Tucumán,estacion_automatica.png,AUTOMÁTICA,Febrero 2017,154,Estación automática: disponibilidad las 24 horas,GALLO y TUCUMAN,BALVANERA,3.00000000000,8375.82181080804,4342280.26804481730
108854.12368929399,101238.61277161298,Facultad de Ingeniería,Estados Unidos entre Azopardo y Huergo Av,estacion_automatica.png,AUTOMÁTICA,Febrero 2017,164,Estación automática: disponibilidad las 24 horas,ESTADOS UNIDOS y AZOPARDO,SAN TELMO,1.00000000000,5178.05650459628,1232275.09247445730
107814.4226585889,102831.2375407729,Esmeralda y Corrientes,Esmeralda y Av Corrientes,estacion_automatica.png,AUTOMÁTICA,Febrero 2017,175,Estación automática: disponibilidad las 24 horas,ESMERALDA y CORRIENTES AV,SAN NICOLAS,1.00000000000,6548.08474138703,2289007.58164465610
105715.90606212321,99476.034570080985,15 de Noviembre,15 de Noviembre de 1889 2687 entre Catamarca y Jujuy,estacion_automatica.png,AUTOMÁTICA,Marzo 2017,105,Estación automática: disponibilidad las 24 horas,2687 15 DE NOVIEMBRE DE 1889,PARQUE PATRICIOS,4.00000000000,7878.46811523247,3743506.92777215970
103815.59927051335,103443.48203455858,Acuña de Figueroa,Lavalle y Acuña de Figueroa,estacion_automatica.png,AUTOMÁTICA,Marzo 2017,54,Estación automática: disponibilidad las 24 horas,LAVALLE y ACUÑA DE FIGUEROA FRANCISCO,ALMAGRO,5.00000000000,8537.90136849144,4050752.24523803680
102433.67028549338,104055.78810714999,Castillo,Castillo 815 entre Thames y Serrano,estacion_automatica.png,AUTOMÁTICA,Marzo 2017,100,Estación automática: disponibilidad las 24 horas,815 CASTILLO,VILLA CRESPO,15.00000000000,8132.69934845057,3613583.69021913320
104388.3017709015,103050.70294221095,Guardia Vieja,Guardia Vieja 3606 entre Billinghurst y Mario Bravo,estacion_automatica.png,AUTOMÁTICA,Marzo 2017,110,Estación automática: disponibilidad las 24 horas,3606 GUARDIA VIEJA,ALMAGRO,5.00000000000,8537.90136849144,4050752.24523803680
103934.89800045325,104175.33916373392,Costa Rica,Costa Rica 4090 y Acuña de Figueroa,estacion_automatica.png,AUTOMÁTICA,Marzo 2017,122,Estación automática: disponibilidad las 24 horas,4090 COSTA RICA,PALERMO,14.00000000000,21768.07488579441,15772496.33149999900
103092.24834492512,103613.30206576335,Lerma,Lerma 185 y Julián Álvarez,estacion_automatica.png,AUTOMÁTICA,Marzo 2017,109,Estación automática: disponibilidad las 24 horas,185 LERMA,VILLA CRESPO,15.00000000000,8132.69934845057,3613583.69021913320
105865.30440195232,104674.33250151316,Gutiérrez,Juan Maria Gutiérrez entre Aguero y Laprida,estacion_automatica.png,AUTOMÁTICA,Marzo 2017,90,Estación automática: disponibilidad las 24 horas,GUTIERREZ JUAN MARIA y AGUERO,RECOLETA,2.00000000000,21246.61170237569,6140873.29113237930
105275.21940141889,103048.12524819963,Pueyrredón,Boulogne Sur Mer y Tucuman,estacion_automatica.png,AUTOMÁTICA,Marzo 2017,144,Estación automática: disponibilidad las 24 horas,BOULOGNE SUR MER y TUCUMAN,BALVANERA,3.00000000000,8375.82181080804,4342280.26804481730
103495.04941286334,104836.12106401876,Guatemala,Guatemala 4799 entre J.L. Borges y Gurruchaga,estacion_automatica.png,AUTOMÁTICA,Marzo 2017,113,Estación automática: disponibilidad las 24 horas,4799 GUATEMALA,PALERMO,14.00000000000,21768.07488579441,15772496.33149999900
102600.06472778418,103228.4100962518,Velasco,Velasco 285 entre Julián Álvarez y Lavalleja,estacion_automatica.png,AUTOMÁTICA,Marzo 2017,129,Estación automática: disponibilidad las 24 horas,285 VELASCO RAMIREZ DE JUAN,VILLA CRESPO,15.00000000000,8132.69934845057,3613583.69021913320
103165.83284035837,101575.36481440112,Hipólito Yrigoyen,Hipolito Yrigoyen entre Muñiz y La Plata,estacion_automatica.png,AUTOMÁTICA,Marzo 2017,167,Estación automática: disponibilidad las 24 horas,YRIGOYEN HIPOLITO AV y LA PLATA AV,ALMAGRO,5.00000000000,8537.90136849144,4050752.24523803680
103876.76990581593,104863.17469697531,Armenia,Armenia 2393 y Charcas,estacion_automatica.png,AUTOMÁTICA,Marzo 2017,123,Estación automática: disponibilidad las 24 horas,2393 ARMENIA,PALERMO,14.00000000000,21768.07488579441,15772496.33149999900
104678.00905299798,105344.54859462689,Ugarteche,Ugarteche entre Cabello y Las Heras,estacion_automatica.png,AUTOMÁTICA,Marzo 2017,124,Estación automática: disponibilidad las 24 horas,UGARTECHE y CABELLO,PALERMO,14.00000000000,21768.07488579441,15772496.33149999900
104598.37619199256,99550.826408783658,Virrey Liniers,Salcedo 3401 y Virrey Liniers,estacion_automatica.png,AUTOMÁTICA,Marzo 2017,139,Estación automática: disponibilidad las 24 horas,3401 SALCEDO,BOEDO,5.00000000000,6602.54330788318,2609773.94436397780
104357.62463445142,99346.92857631165,Las Casas,Las Casas 3587 entre Av. Boedo y Alzaga,estacion_automatica.png,AUTOMÁTICA,Marzo 2017,140,Estación automática: disponibilidad las 24 horas,3587 LAS CASAS,BOEDO,5.00000000000,6602.54330788318,2609773.94436397780
109386.28246187262,99462.5788334073,Pinzón,Pinzón 469 y Martín Rodríguez,estacion_automatica.png,AUTOMÁTICA,Marzo 2017,176,Estación automática: disponibilidad las 24 horas,469 PINZON,BOCA,4.00000000000,20595.90145984565,5028580.57144843690
105320.25714779421,105189.92363603624,Cabello,Cabello entre Cnel Díaz y Ortiz de Ocampo,estacion_automatica.png,AUTOMÁTICA,Marzo 2017,89,Estación automática: disponibilidad las 24 horas,CABELLO y DIAZ CNEL AV,PALERMO,14.00000000000,21768.07488579441,15772496.33149999900
108606.52714436367,98808.919276965142,Ministerio de Justicia y Seguridad,Regimiento de Patricios y Aráoz de Lamadrid,estacion_automatica.png,AUTOMÁTICA,Abril 2017,126,Estación automática: disponibilidad las 24 horas,REGIMIENTO DE PATRICIOS AV y ARAOZ DE LAMADRID GREGORIO,BARRACAS,4.00000000000,13018.21027140694,7960999.81583220880
100755.72663571328,104628.29933718,Federico Lacroze,Av Corrientes 6800 y Federico Lacroze,estacion_automatica.png,AUTOMÁTICA,Abril 2017,104,Estación automática: disponibilidad las 24 horas,6900 CORRIENTES AV,CHACARITA,15.00000000000,7725.69522770465,3118100.97239645380
108398.82488246998,99825.15450108223,Ruy Díaz de Guzmán,Ruy Díaz de Guzmán y Av. Martín García,estacion_automatica.png,AUTOMÁTICA,Abril 2017,73,Estación automática: disponibilidad las 24 horas,RUY DIAZ DE GUZMAN y GARCIA MARTIN AV,BARRACAS,4.00000000000,13018.21027140694,7960999.81583220880
107556.6665879143,102330.80646079095,Rivadavia y 9 de Julio,Rivadavia y Carlos pellegrini,estacion_automatica.png,AUTOMÁTICA,Abril 2017,191,Estación automática: disponibilidad las 24 horas,RIVADAVIA AV y PELLEGRINI CARLOS,SAN NICOLAS,1.00000000000,6548.08474138703,2289007.58164465610
108120.30974200794,100796.32446394436,Plaza Cecilia Grierson,Av San Juan 632,estacion_automatica.png,AUTOMÁTICA,Abril 2017,173,Estación automática: disponibilidad las 24 horas,632 SAN JUAN AV,SAN TELMO,1.00000000000,5178.05650459628,1232275.09247445730
102336.26127584105,105413.32801864311,Ravignani,Ravignani 1883 y Costa Rica,estacion_automatica.png,AUTOMÁTICA,Abril 2017,145,Estación automática: disponibilidad las 24 horas,1883 RAVIGNANI EMILIO DR,PALERMO,14.00000000000,21768.07488579441,15772496.33149999900
104714.05097484436,104056.04234936595,Billinghurst y Mansilla,Billinghurst 1533 y Mansilla,estacion_automatica.png,AUTOMÁTICA,Abril 2017,181,Estación automática: disponibilidad las 24 horas,1853 BILLINGHURST,RECOLETA,2.00000000000,21246.61170237569,6140873.29113237930
101669.71768286002,104041.25479956892,Villarroel,Villarroel y Humboldt,estacion_automatica.png,AUTOMÁTICA,Abril 2017,158,Estación automática: disponibilidad las 24 horas,VILLARROEL y HUMBOLDT,VILLA CRESPO,15.00000000000,8132.69934845057,3613583.69021913320
109281.19031588349,99837.561930844575,Juan Manuel Blanes,Juan Manuel Blanes 383,estacion_automatica.png,AUTOMÁTICA,Abril 2017,153,Estación automática: disponibilidad las 24 horas,383 BLANES JUAN MANUEL,BOCA,4.00000000000,20595.90145984565,5028580.57144843690
106868.92648559873,102911.2263836277,Paraná,Lavalle enttre Montevideo y Paraná,estacion_automatica.png,AUTOMÁTICA,Abril 2017,83,Estación automática: disponibilidad las 24 horas,LAVALLE y PARANA,SAN NICOLAS,1.00000000000,6548.08474138703,2289007.58164465610
108465.46101591302,100402.50826939452,Brasil,Brasil y Defensa,estacion_automatica.png,AUTOMÁTICA,Abril 2017,172,Estación automática: disponibilidad las 24 horas,BRASIL AV y DEFENSA,SAN TELMO,1.00000000000,5178.05650459628,1232275.09247445730
105090.79247652127,100783.54840339004,Hospital Francés,Hospital Francés: Carlos Calvo y La Rioja,estacion_automatica.png,AUTOMÁTICA,Abril 2017,146,Estación automática: disponibilidad las 24 horas,CALVO CARLOS y LA RIOJA,SAN CRISTOBAL,3.00000000000,5987.22647878944,2043711.12345591020
106284.74259209231,100959.55123245434,Carlos Calvo,Carlos Calvo y Sarandí,estacion_automatica.png,AUTOMÁTICA,Abril 2017,93,Estación automática: disponibilidad las 24 horas,CALVO CARLOS y SARANDI,SAN CRISTOBAL,3.00000000000,5987.22647878944,2043711.12345591020
109199.9899993071,102691.26247573814,Macacha Guemes,Macacha Guemes y Juana Manso,estacion_automatica.png,AUTOMÁTICA,Abril 2017,111,Estación automática: disponibilidad las 24 horas,GUEMES MACACHA y MANSO JUANA,PUERTO MADERO,1.00000000000,17782.04410535398,5027424.89718008600
105483.85854913136,105750.90080372406,Malba,Av Figueroa Alcorta y San Martín de Tours,estacion_automatica.png,AUTOMÁTICA,Abril 2017,103,Estación automática: disponibilidad las 24 horas,"FIGUEROA ALCORTA, PRES. AV. y SAN MARTIN DE TOURS",PALERMO,14.00000000000,21768.07488579441,15772496.33149999900
103953.85880121063,106245.5721376874,Godoy Cruz y Libertador,Godoy Cruz 3291 entre Av Del Libertador y Seguí,estacion_automatica.png,AUTOMÁTICA,Abril 2017,160,Estación automática: disponibilidad las 24 horas,3291 GODOY CRUZ,PALERMO,14.00000000000,21768.07488579441,15772496.33149999900
102575.15988946403,105666.02823618002,Ravignani y Guatemala,Ravignani 2171 y Guatemala,estacion_automatica.png,AUTOMÁTICA,Mayo 2017,182,Estación automática: disponibilidad las 24 horas,2171 RAVIGNANI,PALERMO,14.00000000000,21768.07488579441,15772496.33149999900
106925.77176585775,99367.460643947474,Hospital Británico,Perdriel y Finochietto Enrique,estacion_automatica.png,AUTOMÁTICA,Mayo 2017,138,Estación automática: disponibilidad las 24 horas,PERDRIEL y FINOCHIETTO ENRIQUE DR.,BARRACAS,4.00000000000,13018.21027140694,7960999.81583220880
108166.10253670541,104137.49947324961,Retiro II,Plaza Fuerza Aérea: Av. Dr. J. Ramos Mejia y Av Del Libertador,estacion_automatica.png,AUTOMÁTICA,Mayo 2017,130,Estación automática: disponibilidad las 24 horas,DEL LIBERTADOR AV y RAMOS MEJIA DR AV,RETIRO,1.00000000000,18081.94892034407,4534475.94253396990
108172.99841092101,104147.96217895602,Retiro III,Plaza Fuerza Aérea: Av. Dr. J. Ramos Mejia y Av Del Libertador,estacion_automatica.png,AUTOMÁTICA,Mayo 2017,131,Estación automática: disponibilidad las 24 horas,DEL LIBERTADOR AV y RAMOS MEJIA DR AV,RETIRO,1.00000000000,18081.94892034407,4534475.94253396990
106176.27612878528,99868.440462464438,Hospital Garrahan,Hospital Garrahan: Av Brasil y Pichincha,estacion_automatica.png,AUTOMÁTICA,Mayo 2017,107,Estación automática: disponibilidad las 24 horas,BRASIL AV y PICHINCHA AV,PARQUE PATRICIOS,4.00000000000,7878.46811523247,3743506.92777215970
102653.16317384428,105349.96262508568,Nicaragua,Nicaragua 5690 entre Bonpland y Fitz Roy,estacion_automatica.png,AUTOMÁTICA,Mayo 2017,133,Estación automática: disponibilidad las 24 horas,5690 NICARAGUA,PALERMO,14.00000000000,21768.07488579441,15772496.33149999900
104360.69844678644,102731.82355590325,Billinghurst y Valentín Gomez,Billinghurst 455 y Valentín Gomez,estacion_automatica.png,AUTOMÁTICA,Mayo 2017,143,Estación automática: disponibilidad las 24 horas,455 BILLINGHURST,ALMAGRO,5.00000000000,8537.90136849144,4050752.24523803680
108788.80091451162,101476.13444935298,Azopardo y Chile,Azopardo 700 y Chile,estacion_automatica.png,AUTOMÁTICA,Mayo 2017,137,Estación automática: disponibilidad las 24 horas,AZOPARDO y CHILE,SAN TELMO,1.00000000000,5178.05650459628,1232275.09247445730
103218.74691703632,105079.08927885817,Oro,Fray Justo Santamaria de Oro y Guatemala,estacion_automatica.png,AUTOMÁTICA,Mayo 2017,125,Estación automática: disponibilidad las 24 horas,FRAY JUSTO SANTAMARIA DE ORO y GUATEMALA,PALERMO,14.00000000000,21768.07488579441,15772496.33149999900
108169.5329508975,101031.4057780727,Humberto Primo,Perú 1016 entre Humberto Primo y Carlos Calvo,estacion_automatica.png,AUTOMÁTICA,Mayo 2017,117,Estación automática: disponibilidad las 24 horas,1016 PERU,SAN TELMO,1.00000000000,5178.05650459628,1232275.09247445730
105568.65775560861,104121.28664196758,Hospital Alemán,Beruti y Ecuador,estacion_automatica.png,AUTOMÁTICA,Mayo 2017,116,Estación automática: disponibilidad las 24 horas,BERUTI y ECUADOR,RECOLETA,2.00000000000,21246.61170237569,6140873.29113237930
106685.1869573311,101931.4272265145,Solís y Alsina,Solís 225 y Adolfo Alsina,estacion_automatica.png,AUTOMÁTICA,Mayo 2017,141,Estación automática: disponibilidad las 24 horas,225 SOLIS,MONSERRAT,1.00000000000,6739.22229846068,2198621.94183999580
100951.58343898764,104110.87800534563,Santos Dumont y Otero,Santos Dumont 4380 y Otero,estacion_automatica.png,AUTOMÁTICA,Mayo 2017,127,Estación automática: disponibilidad las 24 horas,4380 DUMONT SANTOS,CHACARITA,15.00000000000,7725.69522770465,3118100.97239645380
103156.91830412261,104294.35791971645,Armenia y Gorriti,Armenia 1525 entre Gorriti y Honduras,estacion_automatica.png,AUTOMÁTICA,Mayo 2017,142,Estación automática: disponibilidad las 24 horas,1525 ARMENIA,PALERMO,14.00000000000,21768.07488579441,15772496.33149999900
107720.67699739871,100198.12493702269,Constitución I,Av Brasil 1050 y Lima,estacion_automatica.png,AUTOMÁTICA,Mayo 2017,147,Estación automática: disponibilidad las 24 horas,1050 BRASIL AV,CONSTITUCION,1.00000000000,6326.84478327814,2102008.90729313620
107709.02534786203,100193.8447392337,Constitución II,Av Brasil 1060 y Lima,estacion_automatica.png,AUTOMÁTICA,Mayo 2017,148,Estación automática: disponibilidad las 24 horas,1060 BRASIL AV,CONSTITUCION,1.00000000000,6326.84478327814,2102008.90729313620
104652.11815636893,98616.854975355571,Parque José Evaristo Uriburu,Pque. José E. Uriburu - Almafuerte 300,estacion_automatica.png,AUTOMÁTICA,Junio 2017,155,Estación automática: disponibilidad las 24 horas,300 ALMAFUERTE AV.,PARQUE PATRICIOS,4.00000000000,7878.46811523247,3743506.92777215970
105198.9492302514,102207.76163642923,Once II,Bartolomé Mitre y Av Pueyrredón,estacion_automatica.png,AUTOMÁTICA,Junio 2017,163,Estación automática: disponibilidad las 24 horas,MITRE BARTOLOME y PUEYRREDON AV,BALVANERA,3.00000000000,8375.82181080804,4342280.26804481730
103241.34589350104,100106.03762547376,Senillosa y Zuviría,Senillosa 989 y Zuviría,estacion_automatica.png,AUTOMÁTICA,Junio 2017,157,Estación automática: disponibilidad las 24 horas,989 SENILLOSA,PARQUE CHACABUCO,7.00000000000,8406.91432074686,3832116.69921769250
102376.48468577419,104906.69522309424,Gorriti,Fitz Roy 1590 y Gorriti,estacion_automatica.png,AUTOMÁTICA,Junio 2017,159,Estación automática: disponibilidad las 24 horas,1590 FITZ ROY,PALERMO,14.00000000000,21768.07488579441,15772496.33149999900
105627.43832589244,102220.42498801999,Larrea y Bartolomé Mitre,Larrea entre Bartolomé Mitre y Av Rivadavia,estacion_automatica.png,AUTOMÁTICA,Junio 2017,162,Estación automática: disponibilidad las 24 horas,LARREA y MITRE BARTOLOME,BALVANERA,3.00000000000,8375.82181080804,4342280.26804481730
105259.2202858224,103275.21571572554,San Luis y Ecuador,San Luis 2862 entre Ecuador y Boulogne Sur Mer,estacion_automatica.png,AUTOMÁTICA,Junio 2017,170,Estación automática: disponibilidad las 24 horas,2862 SAN LUIS,BALVANERA,3.00000000000,8375.82181080804,4342280.26804481730
105086.38671430718,103493.75299581204,Plaza Monseñor Miguel de Andrea,Plaza Monseñor Miguel de Andrea (Anchorena 900),estacion_automatica.png,AUTOMÁTICA,Junio 2017,165,Estación automática: disponibilidad las 24 horas,901 ANCHORENA TOMAS MANUEL,RECOLETA,2.00000000000,21246.61170237569,6140873.29113237930
107521.76897187051,101178.43747436136,Estados Unidos,Estados Unidos y Lima,estacion_automatica.png,AUTOMÁTICA,Junio 2017,168,Estación automática: disponibilidad las 24 horas,ESTADOS UNIDOS y LIMA,CONSTITUCION,1.00000000000,6326.84478327814,2102008.90729313620
105849.66177303373,102885.46130617709,Pasteur,Pasteur 501 entre Tucumán y Lavalle,estacion_automatica.png,AUTOMÁTICA,Junio 2017,171,Estación automática: disponibilidad las 24 horas,501 PASTEUR,BALVANERA,3.00000000000,8375.82181080804,4342280.26804481730
105077.13675423191,105702.93121968157,Plaza Alemania,Plaza Alemania: Del Libertador Av y Cavia,estacion_automatica.png,AUTOMÁTICA,Junio 2017,156,Estación automática: disponibilidad las 24 horas,DEL LIBERTADOR AV y CAVIA,PALERMO,14.00000000000,21768.07488579441,15772496.33149999900
104711.95452174234,101912.43267599831,Facultad de Psicología,Hipólito Yrigoyen y 24 de Noviembre,estacion_automatica.png,AUTOMÁTICA,Julio 2017,169,Estación automática: disponibilidad las 24 horas,YRIGOYEN HIPOLITO y 24 DE NOVIEMBRE,BALVANERA,3.00000000000,8375.82181080804,4342280.26804481730
106581.93291914102,103548.5193637534,Ministerio de Educación,Marcelo T De Alvear 1698 y Rodríguez Peña,estacion_automatica.png,AUTOMÁTICA,Julio 2017,174,Estación automática: disponibilidad las 24 horas,1698 ALVEAR MARCELO T DE,RECOLETA,2.00000000000,21246.61170237569,6140873.29113237930
104772.38207015627,106491.5692821711,Planetario,"Av. Roldan, Belisario y Av. Sarmiento",estacion_automatica.png,AUTOMÁTICA,Julio 2017,177,Estación automática: disponibilidad las 24 horas,ROLDAN BELISARIO AV y SARMIENTO AV,PALERMO,14.00000000000,21768.07488579441,15772496.33149999900
103524.49247404984,100644.16475946849,José Marmol,José Marmol 803 y Estados Unidos,estacion_automatica.png,AUTOMÁTICA,Julio 2017,178,Estación automática: disponibilidad las 24 horas,803 MARMOL JOSE,BOEDO,5.00000000000,6602.54330788318,2609773.94436397780
103927.76175017435,101049.44029184217,Castro y México,Castro 680 entre México y Agrelo,estacion_automatica.png,AUTOMÁTICA,Julio 2017,180,Estación automática: disponibilidad las 24 horas,680 CASTRO,ALMAGRO,5.00000000000,8537.90136849144,4050752.24523803680
106750.79405928608,101509.86767475575,Virrey Cevallos,México 1652 entre Virrey Cevallos y Solís,estacion_automatica.png,AUTOMÁTICA,Julio 2017,183,Estación automática: disponibilidad las 24 horas,1652 MEXICO,MONSERRAT,1.00000000000,6739.22229846068,2198621.94183999580
103806.95517235514,99766.283708758972,Av Pavón y 33 Orientales,"33 Orientales 1439, entre Av. Pavón y Av. Garay",estacion_automatica.png,AUTOMÁTICA,Julio 2017,185,Estación automática: disponibilidad las 24 horas,1439 TREINTA Y TRES ORIENTALES,BOEDO,5.00000000000,6602.54330788318,2609773.94436397780
105150.53401200306,101853.26722777452,Catamarca,Adolfo Alsina 2910 y Catamarca,estacion_automatica.png,AUTOMÁTICA,Julio 2017,186,Estación automática: disponibilidad las 24 horas,2910 ALSINA ADOLFO,BALVANERA,3.00000000000,8375.82181080804,4342280.26804481730
107126.20206477267,103488.51155788262,Talcahuano,Talcahuano 1034 y Marcelo T de Alvear,estacion_automatica.png,AUTOMÁTICA,Julio 2017,192,Estación automática: disponibilidad las 24 horas,1034 TALCAHUANO,RETIRO,1.00000000000,18081.94892034407,4534475.94253396990
105259.05800635445,104231.66240214134,Arenales y Aguero,Arenales 2882 y Aguero,estacion_automatica.png,AUTOMÁTICA,Julio 2017,193,Estación automática: disponibilidad las 24 horas,2882 ARENALES,RECOLETA,2.00000000000,21246.61170237569,6140873.29113237930
103735.68638256489,102585.96618752403,Perón y Francisco Acuña de Figueroa,"Perón, Juan Domingo Tte 3989 entre Francisco Acuña de Figueroa y Medrano",estacion_automatica.png,AUTOMÁTICA,Julio 2017,194,Estación automática: disponibilidad las 24 horas,3989 PERON JUAN DOMINGO TTE,ALMAGRO,5.00000000000,8537.90136849144,4050752.24523803680
102732.62721705186,102048.97224499639,Aranguren,Aranguren 188 entre Portugal y Eduardo Acevedo,estacion_automatica.png,AUTOMÁTICA,Agosto 2017,188,Estación automática: disponibilidad las 24 horas,188 ARANGUREN JUAN F DR,CABALLITO,6.00000000000,10990.96447148555,6851028.91356985920
106600.42110782133,99841.390269664029,Pedro Echague,Pedro Echague 1878 entre Combate de los Pozos y Av Entre Ríos,estacion_automatica.png,AUTOMÁTICA,Agosto 2017,184,Estación automática: disponibilidad las 24 horas,1878 ECHAGUE PEDRO,PARQUE PATRICIOS,4.00000000000,7878.46811523247,3743506.92777215970
107129.66028980119,104522.86247722624,Posadas,Posadas 1350 entre Montevideo y Rodríguez Peña,estacion_automatica.png,AUTOMÁTICA,Agosto 2017,189,Estación automática: disponibilidad las 24 horas,1350 POSADAS,RECOLETA,2.00000000000,21246.61170237569,6140873.29113237930
102889.67524634396,101286.75925324588,Parque Rivadavia,Chaco 250,estacion_automatica.png,AUTOMÁTICA,Agosto 2017,187,Estación automática: disponibilidad las 24 horas,250 CHACO,CABALLITO,6.00000000000,10990.96447148555,6851028.91356985920
106955.1101151145,100243.79693954097,Plaza Garay,Av Juan de Garay y Luis Sáenz Peña,estacion_automatica.png,AUTOMÁTICA,Agosto 2017,195,Estación automática: disponibilidad las 24 horas,GARAY JUAN DE AV y SAENZ PEÑA LUIS PRES,CONSTITUCION,1.00000000000,6326.84478327814,2102008.90729313620
104777.43721033966,104901.19370304562,Juncal,Juncal 3320 y Jerónimo Salguero,estacion_automatica.png,AUTOMÁTICA,Agosto 2017,190,Estación automática: disponibilidad las 24 horas,3320 JUNCAL,PALERMO,14.00000000000,21768.07488579441,15772496.33149999900
103651.99677733266,101738.04829708971,Quintino Bocayuva,Quintino Bocayuva y Don Bosco,estacion_automatica.png,AUTOMÁTICA,Agosto 2017,197,Estación automática: disponibilidad las 24 horas,BOCAYUVA QUINTINO y DON BOSCO,ALMAGRO,5.00000000000,8537.90136849144,4050752.24523803680
104348.5131783774,100756.80068822457,Estados Unidos y Boedo,Estados Unidos 3568 entre Boedo y Maza,estacion_automatica.png,AUTOMÁTICA,Agosto 2017,199,Estación automática: disponibilidad las 24 horas,3568 ESTADOS UNIDOS,BOEDO,5.00000000000,6602.54330788318,2609773.94436397780
105424.68639611022,99431.57046594366,Hospital Sardá,Cátulo Castillo 2896 y Dean Funes,estacion_automatica.png,AUTOMÁTICA,Agosto 2017,198,Estación automática: disponibilidad las 24 horas,2896 CASTILLO CATULO,PARQUE PATRICIOS,4.00000000000,7878.46811523247,3743506.92777215970
108920.61189522274,100161.44943831304,Hospital Argerich,Pi y Margall 750 entre Necochea y Alte. Brown,estacion_automatica.png,AUTOMÁTICA,Agosto 2017,196,Estación automática: disponibilidad las 24 horas,750 PI Y MARGALL,BOCA,4.00000000000,20595.90145984565,5028580.57144843690
